{
    "_version_": 1579990049530839000,
    "affiliate_link": "http://click.linksynergy.com/link?id=25ZRSXYPVYg&offerid=515480.10099104665869&type=15&murl=https%3A%2F%2Fwww.jcrew.com%2Fwomens_category%2FPRD%7EG6589%2FG6589.jsp",
    "brand_id": 5268,
    "brand_name": "J.Crew",
    "brand_slug": "j-crew",
    "catalog_ids": [
        "base",
        "web",
        "app"
    ],
    "category_id": 280,
    "category_ids": [
        1,
        2,
        11,
        280
    ],
    "category_mlt": "280one-pieces",
    "category_name": "One-Pieces",
    "category_names": [
        "Fashion",
        "Clothing",
        "Swimwear",
        "One-Pieces"
    ],
    "category_slug": "fashion--clothing--swimwear--one-pieces",
    "color_1": "56.7424338929,25.0857047369,31.1874329121,0.176888888889",
    "color_2": "14.2724490751,19.9304461898,14.0649088456,0.0248666666667",
    "color_3": "58.9995574419,12.0809133872,11.1659659504,0.0226666666667",
    "color_slugs": [
        "orange"
    ],
    "currency": "USD",
    "date_created": "2017-04-18T15:59:31.703Z",
    "date_indexed": "2017-09-30T18:25:30.415Z",
    "date_inventory_verified": "2017-09-30T18:20:56Z",
    "date_modified": "2017-09-30T16:06:28.525Z",
    "description": "Founded in 2009 by Maria Dobrzanska Reeves (a former ballerina and surfer girl who knows a thing or two about leotards and wet suits), Marysia features perfectly cut swim styles in amazing fits and fabrics. So we're pretty much obsessed. Based on the best-selling Antibes bikini, this one-piece swimsuit features the brand's signature scalloped edges, not to mention the perfect amount of coverage in colors you'll only find here. Nylon/Lycra\u00ae spandex. Hand wash. Import. Online only.",
    "featured": {
        "collections": {
            "featured": [
                "one-piece-swimsuit"
            ],
            "query": []
        }
    },
    "flags": [
        {
            "name": "Two Day Shipping",
            "slug": "two-day-shipping"
        },
        {
            "name": "Size Clothing S",
            "slug": "size-clothing-s"
        },
        {
            "name": "Size Clothing L",
            "slug": "size-clothing-l"
        },
        {
            "name": "Size Clothing M",
            "slug": "size-clothing-m"
        },
        {
            "name": "Size Clothing XS",
            "slug": "size-clothing-xs"
        }
    ],
    "gender": "f",
    "id": "mg9PCN",
    "in_stock": true,
    "is_active": true,
    "is_featured": true,
    "is_whitelisted": true,
    "materials": [],
    "minified_url": "jcrew.com/womens_category/PRD~G6589/G6589.jsp",
    "name": "Marysia\u2122 Antibes one-piece swimsuit",
    "num_featured": 4,
    "occasions": [
        "Warm Weather Vacation",
        "Weekend Getaway"
    ],
    "on_sale": true,
    "on_sale_bury": false,
    "price": 294.99,
    "primary_image": {
        "assets": {
            "l": [
                1080,
                1080
            ],
            "m": [
                720,
                720
            ],
            "s": [
                480,
                480
            ],
            "xs": [
                300,
                300
            ]
        },
        "key": "2ZQN0Mfn",
        "palette": {
            "bgcolor": null,
            "colors": [
                [
                    [
                        191,
                        118,
                        83
                    ],
                    0.1768888888888889
                ],
                [
                    [
                        65,
                        23,
                        17
                    ],
                    0.024866666666666665
                ],
                [
                    [
                        170,
                        134,
                        123
                    ],
                    0.02266666666666667
                ]
            ]
        },
        "path": "mined-data-prod/product",
        "weight": "bottom"
    },
    "prints": [],
    "product_url": "https://www.jcrew.com/womens_category/PRD~G6589/G6589.jsp",
    "raw_category_mapped_category_id": 11,
    "raw_category_mapped_category_ids": [
        1,
        2,
        11
    ],
    "raw_category_term": "jcrew good company > marysia",
    "retail_price": 348,
    "sale_percent": 15,
    "secondary_images": [
        {
            "assets": {
                "l": [
                    636,
                    636
                ],
                "m": [
                    636,
                    636
                ],
                "s": [
                    480,
                    480
                ],
                "xs": [
                    300,
                    300
                ]
            },
            "key": "4dNZYMHbcp",
            "path": "mined-data-prod/product"
        },
        {
            "assets": {
                "l": [
                    636,
                    636
                ],
                "m": [
                    636,
                    636
                ],
                "s": [
                    480,
                    480
                ],
                "xs": [
                    300,
                    300
                ]
            },
            "key": "5BQG9MHRfj",
            "path": "mined-data-prod/product"
        },
        {
            "assets": {
                "l": [
                    636,
                    636
                ],
                "m": [
                    636,
                    636
                ],
                "s": [
                    480,
                    480
                ],
                "xs": [
                    300,
                    300
                ]
            },
            "key": "QVwPnRfLsk",
            "path": "mined-data-prod/product"
        }
    ],
    "source": "j-crew",
    "store_id": 14,
    "store_name": "J.Crew",
    "store_slug": "j-crew",
    "stripped_name": "Marysia\u2122 Antibes -piece swimsuit",
    "stripped_raw_category_term": "jcrew good company marysia",
    "styles": [],
    "vertical_ids": [
        1
    ]
}