{
    "_version_": 1578914235942961200,
    "affiliate_link": "http://click.linksynergy.com/link?id=25ZRSXYPVYg&offerid=481586.400093644282&type=15&murl=https%3A%2F%2Fwww.saksfifthavenue.com%2Fmain%2FProductDetail.jsp%3FPRODUCT%3C%3Eprd_id%3D845524447082469",
    "brand_id": 1541,
    "brand_name": "Rebecca Taylor",
    "brand_slug": "rebecca-taylor",
    "catalog_ids": [
        "base",
        "web"
    ],
    "category_id": 5,
    "category_ids": [
        1,
        2,
        5
    ],
    "category_mlt": "5tops",
    "category_name": "Tops",
    "category_names": [
        "Fashion",
        "Clothing",
        "Tops"
    ],
    "category_slug": "fashion--clothing--tops",
    "color_1": "88.8358053608,-8.58723939568,34.409854064,0.0598666666667",
    "color_2": "72.9627008574,11.0057215203,20.0895967499,0.03295",
    "color_3": "34.8339609541,13.5615714844,22.2336952263,0.0161916666667",
    "color_slugs": [
        "beige",
        "yellow"
    ],
    "currency": "USD",
    "date_created": "2017-04-06T14:07:04.408Z",
    "date_indexed": "2017-09-18T21:25:54.627Z",
    "date_inventory_verified": "2017-08-02T21:25:43Z",
    "date_modified": "2017-09-12T19:31:51.08Z",
    "description": "Fluttering ruffled overlay enlivens this halter top. Halter straps tie at neck. Elasticized cold shoulders. Ruffled short sleeves. About 19\" from shoulder to hem. Cotton/elastane. Dry clean. Imported. Model shown is 5'10\" (177cm) wearing US size 4.",
    "display_color": "MILK,CITRINE",
    "featured": {
        "collections": {
            "featured": [
                "yellow-style-fashion",
                "halter-tops-dresses"
            ],
            "query": []
        }
    },
    "flags": [
        {
            "name": "Free Shipping",
            "slug": "free-shipping"
        },
        {
            "name": "Size Clothing S",
            "slug": "size-clothing-s"
        },
        {
            "name": "Size Clothing XXS",
            "slug": "size-clothing-xxs"
        },
        {
            "name": "Size Clothing XL",
            "slug": "size-clothing-xl"
        },
        {
            "name": "Size Clothing XXXL",
            "slug": "size-clothing-xxxl"
        },
        {
            "name": "Size Clothing XS",
            "slug": "size-clothing-xs"
        },
        {
            "name": "Size Clothing XXL",
            "slug": "size-clothing-xxl"
        },
        {
            "name": "Size Clothing L",
            "slug": "size-clothing-l"
        },
        {
            "name": "Size Clothing M",
            "slug": "size-clothing-m"
        }
    ],
    "gender": "f",
    "id": "mgTcBj",
    "in_stock": true,
    "is_active": true,
    "is_featured": true,
    "is_whitelisted": true,
    "materials": [],
    "micro_categories": [
        "Under 100"
    ],
    "minified_url": "www.saksfifthavenue.com/main/ProductDetail.jsp?PRODUCT<>prd_id=845524447082469",
    "name": "Solid Halter Neck Cold Shoulder Top",
    "num_featured": 3,
    "occasions": [],
    "on_sale": true,
    "on_sale_bury": false,
    "price": 100,
    "primary_image": {
        "assets": {
            "l": [
                1080,
                1440
            ],
            "m": [
                720,
                960
            ],
            "s": [
                480,
                640
            ],
            "xs": [
                300,
                400
            ]
        },
        "key": "EMGJNGuQ",
        "palette": {
            "bgcolor": null,
            "colors": [
                [
                    [
                        231,
                        226,
                        157
                    ],
                    0.059866666666666665
                ],
                [
                    [
                        212,
                        171,
                        143
                    ],
                    0.03295
                ],
                [
                    [
                        112,
                        73,
                        47
                    ],
                    0.016191666666666667
                ]
            ]
        },
        "path": "mined-data-prod/product",
        "weight": "top"
    },
    "prints": [],
    "product_url": "https://www.saksfifthavenue.com/main/ProductDetail.jsp?PRODUCT<>prd_id=845524447082469",
    "raw_category_mapped_category_id": 1,
    "raw_category_mapped_category_ids": [
        1
    ],
    "raw_category_term": "apparel",
    "retail_price": 250,
    "sale_percent": 60,
    "secondary_images": [],
    "source": "saks-fifth-avenue",
    "store_id": 6,
    "store_name": "Saks Fifth Avenue",
    "store_slug": "saks-fifth-avenue",
    "stripped_name": "Solid Halter Neck Cold Shoulder Top",
    "stripped_raw_category_term": "apparel",
    "styles": [],
    "vertical_ids": [
        1
    ]
}