{
    "_version_": 1579991503811379200,
    "affiliate_link": "http://click.linksynergy.com/link?id=25ZRSXYPVYg&offerid=531358.10907687390&type=15&murl=https%3A%2F%2Fwww.net-a-porter.com%2Fus%2Fen%2Fproduct%2F890147",
    "brand_id": 1592,
    "brand_name": "Ancient Greek Sandals",
    "brand_slug": "ancient-greek-sandals",
    "catalog_ids": [
        "base",
        "web"
    ],
    "category_id": 107,
    "category_ids": [
        1,
        15,
        107
    ],
    "category_mlt": "107flats",
    "category_name": "Flats",
    "category_names": [
        "Fashion",
        "Shoes",
        "Flats"
    ],
    "category_slug": "fashion--shoes--flats",
    "color_1": "70.0595784566,26.2187770402,12.3932344263,0.0293703703704",
    "color_2": "72.3415406641,7.10456304403,16.9062881198,0.0234592592593",
    "color_3": "35.055105459,44.4730625394,21.339862631,0.0120962962963",
    "color_slugs": [
        "pink"
    ],
    "currency": "USD",
    "date_created": "2017-04-15T05:54:31.578Z",
    "date_indexed": "2017-09-30T18:48:37.325Z",
    "date_inventory_verified": "2017-09-30T18:41:23Z",
    "date_modified": "2017-09-30T16:14:32.118Z",
    "description": "Ancient Greek Sandals names each design after a god, goddess or mythological creature. Made from velvet in the color of the season, these 'Taygete' sandals are embellished with a plush bow and have a slight wedge heel. Wear yours with distressed denim.",
    "display_color": "antique rose",
    "featured": {
        "collections": {
            "featured": [
                "summer-accessories",
                "chicest-summer-shoes",
                "chic-summer-outfits-net-a-porter",
                "ultimate-guide-to-vacation-style"
            ],
            "query": []
        }
    },
    "gender": "f",
    "id": "mgtmHw",
    "in_stock": true,
    "is_active": true,
    "is_featured": true,
    "is_whitelisted": true,
    "materials": [
        "Velvet"
    ],
    "micro_categories": [
        "Velvet Shoes",
        "Embellished Sandals"
    ],
    "minified_url": "net-a-porter.com/product/890147",
    "name": "Taygete Bow-embellished Velvet Sandals",
    "num_featured": 4,
    "num_social_features": 1,
    "occasions": [],
    "on_sale": false,
    "on_sale_bury": false,
    "price": 245,
    "primary_image": {
        "assets": {
            "l": [
                390,
                585
            ],
            "m": [
                390,
                585
            ],
            "s": [
                390,
                585
            ],
            "xs": [
                300,
                450
            ]
        },
        "key": "kk9LgMIO",
        "palette": {
            "bgcolor": null,
            "colors": [
                [
                    [
                        224,
                        153,
                        150
                    ],
                    0.02937037037037037
                ],
                [
                    [
                        202,
                        172,
                        147
                    ],
                    0.02345925925925926
                ],
                [
                    [
                        150,
                        44,
                        51
                    ],
                    0.012096296296296296
                ]
            ]
        },
        "path": "mined-data-prod/product",
        "weight": "bottom"
    },
    "prints": [],
    "product_url": "https://www.net-a-porter.com/us/en/product/890147",
    "raw_category_mapped_category_id": 107,
    "raw_category_mapped_category_ids": [
        1,
        15,
        107
    ],
    "raw_category_term": "shoes > flat > slides",
    "retail_price": 245,
    "secondary_images": [
        {
            "assets": {
                "l": [
                    920,
                    1380
                ],
                "m": [
                    720,
                    1080
                ],
                "s": [
                    480,
                    720
                ],
                "xs": [
                    300,
                    450
                ]
            },
            "key": "MZ2JwlSq",
            "path": "mined-data-prod/product"
        },
        {
            "assets": {
                "l": [
                    920,
                    1380
                ],
                "m": [
                    720,
                    1080
                ],
                "s": [
                    480,
                    720
                ],
                "xs": [
                    300,
                    450
                ]
            },
            "key": "beZ6WMIW",
            "path": "mined-data-prod/product"
        },
        {
            "assets": {
                "l": [
                    920,
                    1380
                ],
                "m": [
                    720,
                    1080
                ],
                "s": [
                    480,
                    720
                ],
                "xs": [
                    300,
                    450
                ]
            },
            "key": "Qq5wMEFL",
            "path": "mined-data-prod/product"
        },
        {
            "assets": {
                "l": [
                    920,
                    1380
                ],
                "m": [
                    720,
                    1080
                ],
                "s": [
                    480,
                    720
                ],
                "xs": [
                    300,
                    450
                ]
            },
            "key": "7gXoDjHe",
            "path": "mined-data-prod/product"
        },
        {
            "assets": {
                "l": [
                    920,
                    1380
                ],
                "m": [
                    720,
                    1080
                ],
                "s": [
                    480,
                    720
                ],
                "xs": [
                    300,
                    450
                ]
            },
            "key": "PX4nV8hB",
            "path": "mined-data-prod/product"
        }
    ],
    "social_links": [
        13060
    ],
    "source": "net-a-porter",
    "store_id": 20,
    "store_name": "NET-A-PORTER",
    "store_slug": "net-a-porter",
    "stripped_name": "Taygete Bow-embellished Velvet",
    "stripped_raw_category_term": "shoes flat slides",
    "styles": [],
    "vertical_ids": [
        1
    ]
}