{
    "_version_": 1579994610875236400,
    "affiliate_link": "http://click.linksynergy.com/link?id=25ZRSXYPVYg&offerid=531358.9883403450&type=15&murl=https%3A%2F%2Fwww.net-a-porter.com%2Fus%2Fen%2Fproduct%2F876509",
    "brand_id": 68,
    "brand_name": "Chlo\u00e9",
    "brand_slug": "chloe",
    "catalog_ids": [
        "base",
        "web"
    ],
    "category_id": 28,
    "category_ids": [
        1,
        22,
        392,
        28
    ],
    "category_mlt": "28sunglasses",
    "category_name": "Sunglasses",
    "category_names": [
        "Fashion",
        "Accessories",
        "Eyewear",
        "Sunglasses"
    ],
    "category_slug": "fashion--accessories--eyewear--sunglasses",
    "color_1": "64.9872841197,7.66122073174,18.0073068479,0.10277037037",
    "currency": "USD",
    "date_created": "2017-04-15T05:50:55.127Z",
    "date_indexed": "2017-09-30T19:38:00.452Z",
    "date_inventory_verified": "2017-09-30T19:35:23Z",
    "date_modified": "2017-09-28T21:23:29.492Z",
    "description": "Chlo\u00e9's 'Nola' sunglasses will instantly elevate the simplest of outfits. Made in Italy from polished gold-tone metal, this aviator-style pair is fitted with tonal mirrored lenses with 100% UV protection. Stow yours inside the hard case to prevent scratches.",
    "display_color": "gold",
    "featured": {
        "collections": {
            "featured": [
                "pantsuit-trend",
                "summer-accessories",
                "chic-summer-outfits-net-a-porter",
                "ultimate-guide-to-vacation-style"
            ],
            "query": []
        }
    },
    "gender": "f",
    "id": "mgtWy2",
    "in_stock": true,
    "is_active": true,
    "is_featured": true,
    "is_whitelisted": true,
    "materials": [],
    "micro_categories": [
        "Aviator",
        "Mirrored Sunglasses"
    ],
    "minified_url": "net-a-porter.com/product/876509",
    "name": "Nola Aviator-style Gold-tone Mirrored Sunglasses",
    "num_featured": 4,
    "occasions": [
        "Warm Weather Vacation",
        "Airport Style",
        "Festival",
        "Weekend Getaway"
    ],
    "on_sale": false,
    "on_sale_bury": false,
    "price": 395,
    "primary_image": {
        "assets": {
            "l": [
                390,
                585
            ],
            "m": [
                390,
                585
            ],
            "s": [
                390,
                585
            ],
            "xs": [
                300,
                450
            ]
        },
        "key": "AMWNXEt7",
        "palette": {
            "bgcolor": null,
            "colors": [
                [
                    [
                        183,
                        152,
                        126
                    ],
                    0.10277037037037037
                ]
            ]
        },
        "path": "mined-data-prod/product",
        "weight": "center"
    },
    "prints": [],
    "product_url": "https://www.net-a-porter.com/us/en/product/876509",
    "raw_category_mapped_category_id": 392,
    "raw_category_mapped_category_ids": [
        1,
        22,
        392
    ],
    "raw_category_term": "accessories > aviator > beach",
    "retail_price": 395,
    "secondary_images": [
        {
            "assets": {
                "l": [
                    920,
                    1380
                ],
                "m": [
                    720,
                    1080
                ],
                "s": [
                    480,
                    720
                ],
                "xs": [
                    300,
                    450
                ]
            },
            "key": "jJew8DhB",
            "path": "mined-data-prod/product"
        },
        {
            "assets": {
                "l": [
                    920,
                    1380
                ],
                "m": [
                    720,
                    1080
                ],
                "s": [
                    480,
                    720
                ],
                "xs": [
                    300,
                    450
                ]
            },
            "key": "LgEpoMtw",
            "path": "mined-data-prod/product"
        },
        {
            "assets": {
                "l": [
                    920,
                    1380
                ],
                "m": [
                    720,
                    1080
                ],
                "s": [
                    480,
                    720
                ],
                "xs": [
                    300,
                    450
                ]
            },
            "key": "OdpMmLfW",
            "path": "mined-data-prod/product"
        }
    ],
    "source": "net-a-porter",
    "store_id": 20,
    "store_name": "NET-A-PORTER",
    "store_slug": "net-a-porter",
    "stripped_name": "Nola Aviator-style Gold-tone Mirrored",
    "stripped_raw_category_term": "accessories aviator beach",
    "styles": [
        "Model Off-Duty"
    ],
    "vertical_ids": [
        1
    ]
}