{
    "_version_": 1579996210548179000,
    "affiliate_link": "http://www.jdoqocy.com/click-2299623-10773567?url=http%3A%2F%2Fwww.forwardforward.com%2Ffw%2FDisplayProduct.jsp%3Fproduct%3DREDF-WJ8%26source%3DCJ",
    "brand_id": 4582,
    "brand_name": "Re/Done",
    "brand_slug": "re-done",
    "catalog_ids": [
        "base",
        "web",
        "app"
    ],
    "category_id": 229,
    "category_ids": [
        1,
        2,
        101,
        229
    ],
    "category_mlt": "229cropped",
    "category_name": "Cropped",
    "category_names": [
        "Fashion",
        "Clothing",
        "Denim",
        "Cropped"
    ],
    "category_slug": "fashion--clothing--denim--cropped",
    "color_1": "64.5909103311,-4.46725207493,-23.9983340191,0.425996229774",
    "color_2": "64.0412142468,19.7946580807,26.5071458871,0.112177305336",
    "currency": "USD",
    "date_created": "2016-10-25T00:49:47.352Z",
    "date_indexed": "2017-09-30T20:03:26.019Z",
    "date_inventory_verified": "2017-09-30T19:54:02Z",
    "date_modified": "2017-06-08T11:47:32.218Z",
    "description": "100% cotton.  Made in USA.  Machine wash.  Button fly.  Whiskering on front along pockets.  Raw cut hem.  Please note due to the use of reclaimed vintage fabrics, details and washes vary throughout to ensure that each pair is uniquely its own.",
    "display_color": "Blue",
    "featured": {
        "collections": {
            "featured": [
                "guest-editor-collection",
                "nyc-style-staples",
                "l-a-girl-style",
                "chic-basics-every-woman-should-own",
                "office-appropriate-denim",
                "denim-trends"
            ],
            "query": [
                "cropped-jeans"
            ]
        }
    },
    "flags": [
        {
            "name": "Free Shipping",
            "slug": "free-shipping"
        },
        {
            "name": "Two Day Shipping",
            "slug": "two-day-shipping"
        },
        {
            "name": "Size Denim 27",
            "slug": "size-denim-27"
        },
        {
            "name": "Size Denim 26",
            "slug": "size-denim-26"
        },
        {
            "name": "Size Denim 25",
            "slug": "size-denim-25"
        },
        {
            "name": "Size Denim 24",
            "slug": "size-denim-24"
        },
        {
            "name": "Size Denim 30",
            "slug": "size-denim-30"
        },
        {
            "name": "Size Denim 31",
            "slug": "size-denim-31"
        },
        {
            "name": "Size Denim 29",
            "slug": "size-denim-29"
        },
        {
            "name": "Size Denim 28",
            "slug": "size-denim-28"
        }
    ],
    "gender": "f",
    "id": "ml43jQ",
    "in_stock": true,
    "is_active": true,
    "is_featured": true,
    "is_whitelisted": true,
    "materials": [],
    "micro_categories": [
        "Cropped Flares"
    ],
    "minified_url": "fwrd.com/DisplayProduct.jsp?product=REDF-WJ8",
    "name": "Leandra",
    "num_featured": 6,
    "occasions": [],
    "on_sale": false,
    "on_sale_bury": false,
    "price": 310,
    "primary_image": {
        "assets": {
            "l": [
                953,
                1440
            ],
            "m": [
                720,
                1087
            ],
            "s": [
                480,
                724
            ],
            "xs": [
                300,
                452
            ]
        },
        "key": "X4kXq8in",
        "palette": {
            "bgcolor": null,
            "colors": [
                [
                    [
                        119,
                        161,
                        199
                    ],
                    0.4259962297743101
                ],
                [
                    [
                        203,
                        141,
                        109
                    ],
                    0.11217730533591663
                ]
            ]
        },
        "path": "mined-data-prod/product",
        "weight": "top"
    },
    "prints": [],
    "product_url": "http://www.forwardforward.com/fw/DisplayProduct.jsp?product=REDF-WJ8&source=CJ",
    "raw_category_mapped_category_id": 229,
    "raw_category_mapped_category_ids": [
        1,
        2,
        101,
        229
    ],
    "raw_category_term": "denim > cropped flare",
    "retail_price": 310,
    "secondary_images": [
        {
            "assets": {
                "l": [
                    953,
                    1440
                ],
                "m": [
                    720,
                    1087
                ],
                "s": [
                    480,
                    724
                ],
                "xs": [
                    300,
                    452
                ]
            },
            "key": "qRbqv9h6",
            "path": "mined-data-prod/product"
        },
        {
            "assets": {
                "l": [
                    953,
                    1440
                ],
                "m": [
                    720,
                    1087
                ],
                "s": [
                    480,
                    724
                ],
                "xs": [
                    300,
                    452
                ]
            },
            "key": "NVdOGWh6",
            "path": "mined-data-prod/product"
        },
        {
            "assets": {
                "l": [
                    953,
                    1440
                ],
                "m": [
                    720,
                    1087
                ],
                "s": [
                    480,
                    724
                ],
                "xs": [
                    300,
                    452
                ]
            },
            "key": "g09klgh1",
            "path": "mined-data-prod/product"
        },
        {
            "assets": {
                "l": [
                    953,
                    1440
                ],
                "m": [
                    720,
                    1087
                ],
                "s": [
                    480,
                    724
                ],
                "xs": [
                    300,
                    452
                ]
            },
            "key": "Z6dNg2FN",
            "path": "mined-data-prod/product"
        },
        {
            "assets": {
                "l": [
                    953,
                    1440
                ],
                "m": [
                    720,
                    1087
                ],
                "s": [
                    480,
                    724
                ],
                "xs": [
                    300,
                    452
                ]
            },
            "key": "GQDn0gF0",
            "path": "mined-data-prod/product"
        }
    ],
    "source": "forward-by-elyse-walker",
    "status": [
        "discontinued"
    ],
    "store_id": 12,
    "store_name": "FORWARD by elyse walker",
    "store_slug": "forward-by-elyse-walker",
    "stripped_name": "Leandra",
    "stripped_raw_category_term": "denim cropped flare",
    "styles": [],
    "vertical_ids": [
        1
    ]
}