{
    "_version_": 1579063010594390000,
    "affiliate_link": "http://click.linksynergy.com/link?id=25ZRSXYPVYg&offerid=519930.9010863192&type=15&murl=http%3A%2F%2Fwww.horchow.com%2FJuliska-Le-Panier-White-Delft-Blue-Ramekin%2Fcprod129040057%2Fp.prod",
    "brand_id": 6631,
    "brand_name": "Juliska",
    "brand_slug": "juliska",
    "catalog_ids": [
        "base",
        "web"
    ],
    "category_id": 47,
    "category_ids": [
        47
    ],
    "category_mlt": "47home",
    "category_name": "Home",
    "category_names": [
        "Home"
    ],
    "category_slug": "home",
    "color_1": "71.7739506703,-3.19676288135,-17.3051885164,0.123114961403",
    "color_2": "27.6463973839,2.41363251732,-24.0328621016,0.0948228677123",
    "currency": "USD",
    "date_created": "2017-02-17T07:00:50.001Z",
    "date_indexed": "2017-09-20T12:50:37.19Z",
    "date_modified": "2017-09-20T07:31:06.136Z",
    "description": "Ceramic stoneware ramekin with hand-painted herringbone base. 4\"Dia. x 2.5\"T; holds 24 ounces. Dishwasher, freezer, microwave, and oven safe. Made in Portugal.",
    "display_color": "WHITE",
    "featured": {
        "collections": {
            "featured": [
                "meal-prep-essentials",
                "meal-prep-essentials",
                "bright-home-accents",
                "blue-white-decor",
                "red-white-and-blue-decor"
            ],
            "query": []
        }
    },
    "gender": "n",
    "id": "mp4zDG",
    "in_stock": true,
    "is_active": true,
    "is_featured": true,
    "is_whitelisted": true,
    "materials": [],
    "minified_url": "horchow.com/cprod129040057/p.prod",
    "name": "Le Panier White/Delft Blue Ramekin",
    "num_featured": 5,
    "occasions": [],
    "on_sale": false,
    "on_sale_bury": false,
    "price": 18,
    "primary_image": {
        "assets": {
            "l": [
                1080,
                1350
            ],
            "m": [
                720,
                900
            ],
            "s": [
                480,
                600
            ],
            "xs": [
                300,
                375
            ]
        },
        "key": "8QD5mkSN",
        "palette": {
            "bgcolor": null,
            "colors": [
                [
                    [
                        151,
                        179,
                        207
                    ],
                    0.12311496140271408
                ],
                [
                    [
                        41,
                        66,
                        102
                    ],
                    0.09482286771228507
                ]
            ]
        },
        "path": "mined-data-prod/product",
        "weight": "bottom"
    },
    "prints": [],
    "product_url": "http://www.horchow.com/Juliska-Le-Panier-White-Delft-Blue-Ramekin/cprod129040057/p.prod",
    "raw_category_term": "home > and garden > kitchen dining > tableware",
    "retail_price": 18,
    "secondary_images": [],
    "source": "horchow",
    "store_id": 227,
    "store_name": "Horchow",
    "store_slug": "horchow",
    "stripped_name": "Le Panier White/Delft Blue Ramekin",
    "stripped_raw_category_term": "home kitchen dining tableware",
    "styles": [],
    "vertical_ids": [
        3
    ]
}