{
    "_version_": 1579993312221200400,
    "affiliate_link": "http://click.linksynergy.com/link?id=25ZRSXYPVYg&offerid=515480.20099104594201&type=15&murl=https%3A%2F%2Fwww.jcrew.com%2Fwomens_category%2FPRD%7EG3632%2FG3632.jsp",
    "brand_id": 5268,
    "brand_name": "J.Crew",
    "brand_slug": "j-crew",
    "catalog_ids": [
        "base",
        "web",
        "app"
    ],
    "category_id": 19,
    "category_ids": [
        1,
        16,
        19
    ],
    "category_mlt": "19necklaces",
    "category_name": "Necklaces",
    "category_names": [
        "Fashion",
        "Jewelry",
        "Necklaces"
    ],
    "category_slug": "fashion--jewelry--necklaces",
    "color_1": "27.2491288826,49.8207046243,38.5794303876,0.159033333333",
    "color_2": "59.6356239794,11.3900583709,32.3587417101,0.0176333333333",
    "color_slugs": [
        "burgundy",
        "red"
    ],
    "currency": "USD",
    "date_created": "2017-03-01T17:58:54.554Z",
    "date_indexed": "2017-09-30T19:17:21.958Z",
    "date_inventory_verified": "2017-09-30T19:11:45Z",
    "date_modified": "2017-09-30T19:17:21.91Z",
    "description": "Tassels are still having a moment. This necklace was inspired by a pair of earrings that our jewelry designer originally created for her honeymoon (hence the name). Don't miss the actual earrings either. Length: 21\" with a 2 1/4\" extender chain for adjustable length. Brass chain, zinc casting, acetate, acrylic bead, epoxy stone, shiny gold. Light gold ox plating. Import.",
    "featured": {
        "collections": {
            "featured": [
                "striking-necklaces-to-wear-now",
                "now-trending-pom-pom-and-tassel-embellishments",
                "shop-affordable-picks"
            ],
            "query": [
                "mix-and-match-dainty-jewelry",
                "jenna-lyons-style",
                "now-trending-pom-pom-and-tassel-embellishments"
            ]
        }
    },
    "flags": [
        {
            "name": "Two Day Shipping",
            "slug": "two-day-shipping"
        }
    ],
    "gender": "f",
    "id": "mp74MT",
    "in_stock": true,
    "is_active": true,
    "is_featured": true,
    "is_whitelisted": true,
    "materials": [],
    "minified_url": "jcrew.com/womens_category/PRD~G3632/G3632.jsp",
    "name": "Honeymoon tassel necklace",
    "num_featured": 3,
    "occasions": [
        "Wedding Guest"
    ],
    "on_sale": false,
    "on_sale_bury": false,
    "price": 128,
    "primary_image": {
        "assets": {
            "l": [
                1080,
                1080
            ],
            "m": [
                720,
                720
            ],
            "s": [
                480,
                480
            ],
            "xs": [
                300,
                300
            ]
        },
        "key": "A91GpgI7",
        "palette": {
            "bgcolor": null,
            "colors": [
                [
                    [
                        135,
                        1,
                        4
                    ],
                    0.15903333333333333
                ],
                [
                    [
                        180,
                        135,
                        87
                    ],
                    0.017633333333333334
                ]
            ]
        },
        "path": "mined-data-prod/product",
        "weight": "bottom"
    },
    "prints": [],
    "product_url": "https://www.jcrew.com/womens_category/PRD~G3632/G3632.jsp",
    "raw_category_mapped_category_id": 19,
    "raw_category_mapped_category_ids": [
        1,
        16,
        19
    ],
    "raw_category_term": "jewelry > necklaces",
    "retail_price": 128,
    "secondary_images": [
        {
            "assets": {
                "l": [
                    636,
                    636
                ],
                "m": [
                    636,
                    636
                ],
                "s": [
                    480,
                    480
                ],
                "xs": [
                    300,
                    300
                ]
            },
            "key": "OQ61eAcbcy",
            "path": "mined-data-prod/product"
        }
    ],
    "source": "j-crew",
    "status": [
        "discontinued"
    ],
    "store_id": 14,
    "store_name": "J.Crew",
    "store_slug": "j-crew",
    "stripped_name": "Honeymoon tassel necklace",
    "stripped_raw_category_term": "jewelry necklaces",
    "styles": [],
    "vertical_ids": [
        1
    ]
}