{
    "_version_": 1579992228937334800,
    "affiliate_link": "http://www.kqzyfj.com/click-2299623-10773567?url=http%3A%2F%2Fwww.forwardforward.com%2Ffw%2FDisplayProduct.jsp%3Fproduct%3DMMAR-WD35%26source%3DCJ",
    "brand_id": 14,
    "brand_name": "Maison Margiela",
    "brand_slug": "maison-margiela",
    "catalog_ids": [
        "base",
        "web",
        "app"
    ],
    "category_id": 223,
    "category_ids": [
        1,
        2,
        9,
        223
    ],
    "category_mlt": "223maxi",
    "category_name": "Maxi",
    "category_names": [
        "Fashion",
        "Clothing",
        "Dresses",
        "Maxi"
    ],
    "category_slug": "fashion--clothing--dresses--maxi",
    "color_1": "65.5033844332,24.4621684735,34.7094963804,0.0705132037867",
    "color_slugs": [
        "orange"
    ],
    "currency": "USD",
    "date_created": "2017-02-24T00:47:08.434Z",
    "date_indexed": "2017-09-30T19:00:08.859Z",
    "date_inventory_verified": "2017-09-30T18:51:14Z",
    "date_modified": "2017-09-30T19:00:08.763Z",
    "description": "67% acetate 33% viscose.  Made in Italy.  Dry clean only.  Unlined.  Wrap around waist tie closure.  Side slit pockets.  Raw cut edges.",
    "display_color": "Abstract,Gray,Metallics",
    "featured": {
        "collections": {
            "featured": [
                "must-have-white-dresses",
                "wrap-dresses",
                "nontraditional-wedding-dresses"
            ],
            "query": [
                "wrap-dresses"
            ]
        }
    },
    "flags": [
        {
            "name": "Free Shipping",
            "slug": "free-shipping"
        },
        {
            "name": "Two Day Shipping",
            "slug": "two-day-shipping"
        }
    ],
    "gender": "f",
    "id": "mpCyJV",
    "in_stock": true,
    "is_active": true,
    "is_featured": true,
    "is_whitelisted": true,
    "materials": [],
    "micro_categories": [
        "Wrap Dress"
    ],
    "minified_url": "fwrd.com/DisplayProduct.jsp?product=MMAR-WD35",
    "name": "Wrap Dress",
    "num_featured": 3,
    "occasions": [],
    "on_sale": true,
    "on_sale_bury": false,
    "price": 509,
    "primary_image": {
        "assets": {
            "l": [
                953,
                1440
            ],
            "m": [
                720,
                1087
            ],
            "s": [
                480,
                724
            ],
            "xs": [
                300,
                452
            ]
        },
        "key": "9LDdxDIj",
        "palette": {
            "bgcolor": null,
            "colors": [
                [
                    [
                        217,
                        141,
                        98
                    ],
                    0.07051320378674639
                ]
            ]
        },
        "path": "mined-data-prod/product",
        "weight": "top"
    },
    "prints": [],
    "product_url": "http://www.forwardforward.com/fw/DisplayProduct.jsp?product=MMAR-WD35&source=CJ",
    "raw_category_mapped_category_id": 223,
    "raw_category_mapped_category_ids": [
        1,
        2,
        9,
        223
    ],
    "raw_category_term": "dresses > maxi",
    "retail_price": 1885,
    "sale_percent": 70,
    "secondary_images": [
        {
            "assets": {
                "l": [
                    953,
                    1440
                ],
                "m": [
                    720,
                    1087
                ],
                "s": [
                    480,
                    724
                ],
                "xs": [
                    300,
                    452
                ]
            },
            "key": "m08Zd8Up",
            "path": "mined-data-prod/product"
        },
        {
            "assets": {
                "l": [
                    953,
                    1440
                ],
                "m": [
                    720,
                    1087
                ],
                "s": [
                    480,
                    724
                ],
                "xs": [
                    300,
                    452
                ]
            },
            "key": "wALmJLUE",
            "path": "mined-data-prod/product"
        },
        {
            "assets": {
                "l": [
                    953,
                    1440
                ],
                "m": [
                    720,
                    1087
                ],
                "s": [
                    480,
                    724
                ],
                "xs": [
                    300,
                    452
                ]
            },
            "key": "JM5YX5Im",
            "path": "mined-data-prod/product"
        },
        {
            "assets": {
                "l": [
                    953,
                    1440
                ],
                "m": [
                    720,
                    1087
                ],
                "s": [
                    480,
                    724
                ],
                "xs": [
                    300,
                    452
                ]
            },
            "key": "lZ1gG1s6",
            "path": "mined-data-prod/product"
        }
    ],
    "source": "forward-by-elyse-walker",
    "status": [
        "discontinued"
    ],
    "store_id": 12,
    "store_name": "FORWARD by elyse walker",
    "store_slug": "forward-by-elyse-walker",
    "stripped_name": "Wrap Dress",
    "stripped_raw_category_term": "dresses maxi",
    "styles": [],
    "vertical_ids": [
        1
    ]
}