{
    "_version_": 1579987734431268900,
    "affiliate_link": "http://click.linksynergy.com/link?id=25ZRSXYPVYg&offerid=462491.110055617606815550231422696304&type=15&murl=https%3A%2F%2Fwww.gucci.com%2Fus%2Fen%2Fpr%2Fwomen%2Fwomens-accessories%2Fgg-wallpaper-print-silk-scarf-p-4646883G0015874",
    "brand_id": 554,
    "brand_name": "Gucci",
    "brand_slug": "gucci",
    "catalog_ids": [
        "base",
        "web",
        "app"
    ],
    "category_id": 27,
    "category_ids": [
        1,
        22,
        27
    ],
    "category_mlt": "27scarves",
    "category_name": "Scarves",
    "category_names": [
        "Fashion",
        "Accessories",
        "Scarves"
    ],
    "category_slug": "fashion--accessories--scarves",
    "color_1": "68.2253538206,48.5125212691,6.29069994106,0.637320841165",
    "color_2": "49.602268325,-4.95771737555,30.6405633531,0.13203418703",
    "color_3": "50.2323784045,71.1306709256,36.1107692643,0.101004464286",
    "color_slugs": [
        "pink",
        "fuschia"
    ],
    "currency": "USD",
    "date_created": "2017-02-13T10:59:00.089Z",
    "date_indexed": "2017-09-30T17:48:42.564Z",
    "date_inventory_verified": "2017-09-30T17:41:33Z",
    "date_modified": "2017-09-30T17:48:42.523Z",
    "description": "prints are an important feature of alessandro michele's collections. the gg wallpaper print is a vintage gucci print brought back into the forefront in new colors. ; rose silk with gg wallpaper print; hand-finished edges; 35\"w x 35\"l; 100% silk; made in italy;",
    "display_color": "Rose",
    "featured": {
        "collections": {
            "featured": [
                "vibrant-prints",
                "silk-scarves",
                "the-spring-trends-to-try-now-from-gucci"
            ],
            "query": [
                "the-spring-trends-to-try-now-from-gucci",
                "exclusive-the-gucci-garden-collection"
            ]
        }
    },
    "flags": [
        {
            "name": "Free Shipping",
            "slug": "free-shipping"
        },
        {
            "name": "Next Day Shipping",
            "slug": "next-day-shipping"
        }
    ],
    "gender": "f",
    "id": "mpYNgw",
    "in_stock": true,
    "is_active": true,
    "is_featured": true,
    "is_whitelisted": true,
    "materials": [],
    "minified_url": "gucci.com/us/gg-wallpaper-print-silk-scarf-p-4646883G0015874",
    "name": "GG Wallpaper print silk scarf",
    "num_featured": 3,
    "occasions": [],
    "on_sale": false,
    "on_sale_bury": false,
    "price": 470,
    "primary_image": {
        "assets": {
            "l": [
                800,
                800
            ],
            "m": [
                720,
                720
            ],
            "s": [
                480,
                480
            ],
            "xs": [
                300,
                300
            ]
        },
        "key": "qymMgGsW",
        "palette": {
            "bgcolor": null,
            "colors": [
                [
                    [
                        249,
                        129,
                        157
                    ],
                    0.6373208411654135
                ],
                [
                    [
                        127,
                        119,
                        65
                    ],
                    0.1320341870300752
                ],
                [
                    [
                        231,
                        36,
                        63
                    ],
                    0.10100446428571429
                ]
            ]
        },
        "path": "mined-data-prod/product",
        "weight": "bottom"
    },
    "prints": [],
    "product_url": "https://www.gucci.com/us/en/pr/women/womens-accessories/gg-wallpaper-print-silk-scarf-p-4646883G0015874",
    "raw_category_mapped_category_id": 22,
    "raw_category_mapped_category_ids": [
        1,
        22
    ],
    "raw_category_term": "accessories",
    "retail_price": 470,
    "secondary_images": [
        {
            "assets": {
                "l": [
                    1080,
                    1080
                ],
                "m": [
                    720,
                    720
                ],
                "s": [
                    480,
                    480
                ],
                "xs": [
                    300,
                    300
                ]
            },
            "key": "Nw70kBCe",
            "path": "mined-data-prod/product"
        }
    ],
    "source": "gucci",
    "store_id": 274,
    "store_name": "Gucci",
    "store_slug": "gucci",
    "stripped_name": "GG Wallpaper print silk scarf",
    "stripped_raw_category_term": "accessories",
    "styles": [],
    "vertical_ids": [
        1
    ]
}