{
    "_version_": 1579987133142139000,
    "affiliate_link": "http://www.anrdoezrs.net/links/2299623/type/dlg/https://www.urbanoutfitters.com/shop/bdg-gf-jean-pavement?category=jeans-for-women&color=010",
    "brand_id": 39669,
    "brand_name": "BDG",
    "brand_slug": "bdg",
    "catalog_ids": [
        "base",
        "web",
        "app"
    ],
    "category_id": 101,
    "category_ids": [
        1,
        2,
        101
    ],
    "category_mlt": "101denim",
    "category_name": "Denim",
    "category_names": [
        "Fashion",
        "Clothing",
        "Denim"
    ],
    "category_slug": "fashion--clothing--denim",
    "color_1": "72.6825744172,16.1332483167,17.0715517703,0.0495907738095",
    "color_2": "39.1465634244,19.7287373382,20.4146862138,0.00527529761905",
    "currency": "USD",
    "date_created": "2017-07-06T20:24:27.138Z",
    "date_indexed": "2017-09-30T17:39:09.13Z",
    "date_inventory_verified": "2017-09-30T17:32:54Z",
    "date_modified": "2017-09-30T17:39:09.092Z",
    "description": "Girlfriend High-Rise Jean - Pavement",
    "featured": {
        "collections": {
            "featured": [
                "under-100-jeans",
                "jeans-on-sale",
                "bdg-denim-urban-outfitters"
            ],
            "query": [
                "shop-the-best-vintage-style-jeans",
                "wear-with-everything-neutral-pieces"
            ]
        }
    },
    "flags": [
        {
            "name": "Two Day Shipping",
            "slug": "two-day-shipping"
        },
        {
            "name": "Size Denim 30",
            "slug": "size-denim-30"
        },
        {
            "name": "Size Denim 26",
            "slug": "size-denim-26"
        },
        {
            "name": "Size Denim 29",
            "slug": "size-denim-29"
        }
    ],
    "gender": "f",
    "id": "mqWHDT",
    "in_stock": true,
    "is_active": true,
    "is_featured": true,
    "is_whitelisted": true,
    "materials": [],
    "micro_categories": [
        "Under 100"
    ],
    "minified_url": "www.urbanoutfitters.com/shop/bdg-gf-jean-pavement?category=jeans-for-women&color=010",
    "name": "Girlfriend High-Rise Jean - Pavement",
    "num_featured": 3,
    "occasions": [],
    "on_sale": true,
    "on_sale_bury": false,
    "price": 39.99,
    "primary_image": {
        "assets": {
            "l": [
                601,
                900
            ],
            "m": [
                601,
                900
            ],
            "s": [
                480,
                718
            ],
            "xs": [
                300,
                448
            ]
        },
        "key": "1AqZl4Cy",
        "palette": {
            "bgcolor": null,
            "colors": [
                [
                    [
                        218,
                        167,
                        148
                    ],
                    0.04959077380952381
                ],
                [
                    [
                        131,
                        79,
                        60
                    ],
                    0.005275297619047619
                ]
            ]
        },
        "path": "mined-data-prod/product",
        "weight": "top"
    },
    "prints": [],
    "product_url": "https://www.urbanoutfitters.com/shop/bdg-gf-jean-pavement?category=jeans-for-women&color=010",
    "retail_price": 79,
    "sale_percent": 45,
    "secondary_images": [],
    "source": "manual",
    "store_id": 9,
    "store_name": "Urban Outfitters",
    "store_slug": "urban-outfitters",
    "stripped_name": "Girlfriend High-Rise Jean - Pavement",
    "styles": [],
    "vertical_ids": [
        1
    ]
}