{
    "_version_": 1579998232568660000,
    "affiliate_link": "http://click.linksynergy.com/link?id=25ZRSXYPVYg&offerid=457986.10977752116&type=15&murl=https%3A%2F%2Fwww.modaoperandi.com%2Fmuun-pf17%2Fegg-knit-straw-tote%3Futm_source%3Dgoogle%26utm_medium%3Dcpc%26utm_campaign%3Dpla",
    "brand_id": 10137,
    "brand_name": "Muun",
    "brand_slug": "muun",
    "catalog_ids": [
        "base",
        "web",
        "app"
    ],
    "category_id": 114,
    "category_ids": [
        1,
        12,
        114
    ],
    "category_mlt": "114totes",
    "category_name": "Totes",
    "category_names": [
        "Fashion",
        "Bags",
        "Totes"
    ],
    "category_slug": "fashion--bags--totes",
    "color_1": "54.1524908222,11.5384565071,30.0079339303,0.103868055556",
    "color_2": "26.1235114648,48.5583171244,35.1024031183,0.0321527777778",
    "color_3": "29.0061704064,2.36318203897,2.8923589665,0.0117430555556",
    "currency": "USD",
    "date_created": "2017-08-10T06:06:23.159Z",
    "date_indexed": "2017-09-30T20:35:34.368Z",
    "date_inventory_verified": "2017-09-30T20:11:30Z",
    "date_modified": "2017-09-30T11:59:01.45Z",
    "description": "Muun's versatile tote is meticulously handwoven in France from natural straw. Designed with an open top this style has an optional internal knitted pouch. Carry yours over the shoulder or in hand by the leather handles.",
    "display_color": "Black",
    "featured": {
        "collections": {
            "featured": [
                "london-fashion-week-looks"
            ],
            "query": [
                "the-best-beach-bags-to-carry-this-summer"
            ]
        }
    },
    "flags": [
        {
            "name": "Free Shipping",
            "slug": "free-shipping"
        },
        {
            "name": "Two Day Shipping",
            "slug": "two-day-shipping"
        }
    ],
    "gender": "f",
    "id": "mTypr6",
    "in_stock": true,
    "is_active": true,
    "is_featured": true,
    "is_whitelisted": true,
    "materials": [],
    "micro_categories": [
        "Straw Bag"
    ],
    "minified_url": "modaoperandi.com/muun-pf17/egg-knit-straw-tote",
    "name": "Egg Knit Straw Tote",
    "num_featured": 4,
    "occasions": [
        "Airport Style",
        "Festival",
        "Weekend Getaway"
    ],
    "on_sale": false,
    "on_sale_bury": false,
    "price": 190,
    "primary_image": {
        "assets": {
            "l": [
                1080,
                1730
            ],
            "m": [
                720,
                1153
            ],
            "s": [
                480,
                768
            ],
            "xs": [
                300,
                480
            ]
        },
        "key": "z4zxzlUEtw",
        "palette": {
            "bgcolor": null,
            "colors": [
                [
                    [
                        164,
                        121,
                        78
                    ],
                    0.10386805555555556
                ],
                [
                    [
                        130,
                        1,
                        9
                    ],
                    0.03215277777777778
                ],
                [
                    [
                        74,
                        67,
                        64
                    ],
                    0.011743055555555555
                ]
            ]
        },
        "path": "mined-data-prod/product",
        "weight": "bottom"
    },
    "prints": [],
    "product_url": "https://www.modaoperandi.com/muun-pf17/egg-knit-straw-tote?utm_source=google&utm_medium=cpc&utm_campaign=pla",
    "raw_category_mapped_category_id": 12,
    "raw_category_mapped_category_ids": [
        1,
        12
    ],
    "raw_category_term": "apparel and accessories > handbags",
    "retail_price": 190,
    "secondary_images": [],
    "source": "moda-operandi",
    "store_id": 51,
    "store_name": "Moda Operandi",
    "store_slug": "moda-operandi",
    "stripped_name": "Egg Knit Straw Tote",
    "stripped_raw_category_term": "handbags",
    "styles": [
        "French Girl Style"
    ],
    "vertical_ids": [
        1
    ]
}