{
    "_version_": 1579639385702269000,
    "affiliate_link": "http://www.pjatr.com/t/Qj5HREpBPkVERElDPkdESkE?url=https%3A%2F%2Fotteny.com%2Fen%2Freverence-aromatique-hand-balm.html",
    "brand_id": 4432,
    "brand_name": "Aesop",
    "brand_slug": "aesop",
    "catalog_ids": [
        "base",
        "web"
    ],
    "category_id": 38,
    "category_ids": [
        38
    ],
    "category_mlt": "38beauty",
    "category_name": "Beauty",
    "category_names": [
        "Beauty"
    ],
    "category_slug": "beauty",
    "color_1": "61.5074857488,-2.47193623507,-2.05417509629,0.252293577982",
    "color_slugs": [
        "gray",
        "fuschia"
    ],
    "currency": "USD",
    "date_created": "2016-06-05T05:52:44.131Z",
    "date_indexed": "2017-09-26T21:31:51.328Z",
    "date_modified": "2017-05-04T04:15:11.668Z",
    "description": "Readily absorbed moisturising balm for labor-wearied hands and cuticles, a careful blend of fragrant botanicals and skin-softening emollients that deliver rich hydration to hands and cuticles; formulated for frequent use  Ingredients: Bergamot Rind, Vetiver Root, Petitgrain Please refer to the product packaging for a complete ingredient list  2.6oz/ 75ml  Imported, Australia",
    "featured": {
        "collections": {
            "featured": [
                "leo-gifts",
                "gemini-gifts",
                "mothers-day-gifts",
                "spring-morning-routine",
                "aries-gifts",
                "valentines-day-gifts",
                "gifts-for-the-host"
            ],
            "query": []
        }
    },
    "gender": "f",
    "id": "mW7MQW",
    "in_stock": true,
    "is_active": true,
    "is_featured": true,
    "is_whitelisted": true,
    "materials": [],
    "minified_url": "otteny.com/en/reverence-aromatique-hand-balm.html",
    "name": "Reverence Aromatique Hand Balm",
    "num_featured": 7,
    "num_social_features": 1,
    "occasions": [],
    "on_sale": false,
    "on_sale_bury": false,
    "price": 27,
    "primary_image": {
        "assets": {
            "l": [
                1080,
                1439
            ],
            "m": [
                720,
                959
            ],
            "s": [
                480,
                639
            ],
            "xs": [
                300,
                399
            ]
        },
        "key": "gXZXWtLtp",
        "palette": {
            "bgcolor": null,
            "colors": [
                [
                    [
                        142,
                        150,
                        152
                    ],
                    0.25229357798165136
                ]
            ]
        },
        "path": "mined-data-prod/product",
        "weight": "bottom"
    },
    "prints": [],
    "product_url": "https://otteny.com/en/reverence-aromatique-hand-balm.html",
    "raw_category_mapped_category_id": 38,
    "raw_category_mapped_category_ids": [
        38
    ],
    "raw_category_term": "holiday > friends > beauty > bath and body > asop",
    "retail_price": 27,
    "secondary_images": [],
    "social_links": [
        12963
    ],
    "source": "otte-ny",
    "status": [
        "discontinued"
    ],
    "store_id": 64,
    "store_name": "OTTE",
    "store_slug": "otte-ny",
    "stripped_name": "Reverence Aromatique Hand Balm",
    "stripped_raw_category_term": "holiday friends beauty asop",
    "styles": [],
    "vertical_ids": [
        2
    ]
}