{
    "_version_": 1579936896238223400,
    "affiliate_link": "http://www.pjtra.com/t/Qj5FSUNGPkVERElDPkVJQ0Y?url=http%3A%2F%2Fwww.serenaandlily.com%2Fvariationproduct%3Fdwvar_m10433_color%3DWhite%26pid%3Dm10433%26dwvar_m10433_size%3DLarge%26pdp%3Dtrue%26source%3Ddetail%26utm_source%3Daffiliate%26utm_medium%3Daffiliate%26utm_campaign%3Dpjdatafeed%23fo_c%3D745%26fo_k%3Dd2fa9194433cffb3d30a5382d4e9ad8e%26fo_s%3Dpepperjam",
    "brand_id": 18379,
    "brand_name": "Serena & Lily",
    "brand_slug": "serena-lily",
    "catalog_ids": [
        "base",
        "web"
    ],
    "category_id": 359,
    "category_ids": [
        47,
        74,
        77,
        359
    ],
    "category_mlt": "359decorative mirrors",
    "category_name": "Decorative Mirrors",
    "category_names": [
        "Home",
        "Decor",
        "Mirrors",
        "Decorative Mirrors"
    ],
    "category_slug": "home--decor--mirrors--decorative-mirrors",
    "color_1": "45.8471765719,10.6316078889,27.3821209192,0.18410041841",
    "color_2": "28.0058731343,14.3931544857,17.4008228589,0.0432590465853",
    "color_slugs": [
        "brown"
    ],
    "currency": "USD",
    "date_created": "2016-06-02T22:51:14.676Z",
    "date_indexed": "2017-09-30T04:20:39.484Z",
    "date_modified": "2017-09-30T04:20:39.371Z",
    "description": "Crafted of unadorned rattan, this mirror has a simplicity we admire. Double framing brings unexpected dimension to the wall ? a shipshape alternative to the standard mirror. Handcrafted of bent and split rattan with a natural or painted white finish. D-rings attached for mounting (hardware not included). MR51 Medium 28. 5\" DIAM x 2\"D overall. Mirror: 24\" DIAM. Approx. 6. 5 lbs. Large 40\" DIAM x 2\"D overall. Mirror: 37. 5\" DIAM. Approx. 32 lbs.",
    "display_color": "Natural",
    "featured": {
        "collections": {
            "featured": [
                "sunroom-decor",
                "first-apartment-must-haves",
                "summer-essentials",
                "beach-house-decor",
                "nursery-essentials",
                "spring-decor-accents",
                "best-mirrors",
                "decor-picks-inspired-by-mexicos-coolest-hotels",
                "entryway-refresh"
            ],
            "query": []
        }
    },
    "gender": "n",
    "id": "mW7Nwh",
    "in_stock": true,
    "is_active": true,
    "is_featured": true,
    "is_whitelisted": true,
    "materials": [],
    "minified_url": "serenaandlily.com/m10433.html",
    "name": "Montara Mirror",
    "num_featured": 9,
    "num_social_features": 2,
    "occasions": [],
    "on_sale": false,
    "on_sale_bury": false,
    "price": 248,
    "primary_image": {
        "assets": {
            "l": [
                1080,
                1350
            ],
            "m": [
                720,
                900
            ],
            "s": [
                480,
                600
            ],
            "xs": [
                300,
                375
            ]
        },
        "key": "on5YkHotj",
        "palette": {
            "bgcolor": null,
            "colors": [
                [
                    [
                        139,
                        101,
                        63
                    ],
                    0.18410041841004185
                ],
                [
                    [
                        94,
                        57,
                        40
                    ],
                    0.043259046585318886
                ]
            ]
        },
        "path": "mined-data-prod/product",
        "weight": "center"
    },
    "prints": [],
    "product_url": "http://www.serenaandlily.com/variationproduct?dwvar_m10433_color=White&pid=m10433&dwvar_m10433_size=Large&pdp=true&source=detail&utm_source=affiliate&utm_medium=affiliate&utm_campaign=pjdatafeed#fo_c=745&fo_k=d2fa9194433cffb3d30a5382d4e9ad8e&fo_s=pepperjam",
    "raw_category_mapped_category_id": 77,
    "raw_category_mapped_category_ids": [
        47,
        74,
        77
    ],
    "raw_category_term": "home > and garden > decor > mirrors",
    "retail_price": 248,
    "secondary_images": [],
    "social_links": [
        14156,
        13490
    ],
    "source": "serena-lily",
    "store_id": 228,
    "store_name": "Serena & Lily",
    "store_slug": "serena-lily",
    "stripped_name": "Montara Mirror",
    "stripped_raw_category_term": "home decor mirrors",
    "styles": [],
    "vertical_ids": [
        3
    ]
}