{
    "_version_": 1579997957965480000,
    "affiliate_link": "http://click.linksynergy.com/link?id=25ZRSXYPVYg&offerid=531358.9943509784&type=15&murl=https%3A%2F%2Fwww.net-a-porter.com%2Fus%2Fen%2Fproduct%2F767995",
    "brand_id": 5439,
    "brand_name": "Avene",
    "brand_slug": "avene",
    "catalog_ids": [
        "base",
        "web"
    ],
    "category_id": 38,
    "category_ids": [
        38
    ],
    "category_mlt": "38beauty",
    "category_name": "Beauty",
    "category_names": [
        "Beauty"
    ],
    "category_slug": "beauty",
    "color_1": "80.2723194154,12.1882215674,21.9029784184,0.0180042674475",
    "currency": "USD",
    "date_created": "2016-05-21T10:58:23.004Z",
    "date_indexed": "2017-09-30T20:31:12.486Z",
    "date_inventory_verified": "2017-09-30T20:04:50Z",
    "date_modified": "2017-09-28T21:24:17.615Z",
    "description": "Perfect when your complexion feels tight and parched, Av\u00e8ne's 'Hydrance Optimale' serum is highly concentrated with the brand's Thermal Spring Water to trap water deep in the epidermis. This glycerin-enriched lightweight formula soothes dehydrated skin, calms inflammation and reduces the appearance of fine lines and wrinkles. Additionally, it heightens the potency of any other products you apply afterwards. - Suitable for all skin types, especially sensitive - Hypoallergenic and free from parabens and oil - Hydrates for 24 hours -Instructions for use: - Cleanse thoroughly - Apply a few drops morning and evening - massage in light circular movements - Allow it to fully absorb, then apply your moisturizer - 30ml/ 1fl. oz. - Made in France Ingredients: Avene aqua. Methyl gluceth-20. Peg-12. Cyclopentasiloxane. Glycerin. Propylene glycol ceteth-3 acetate. Aqua. Polyacrylamide. Alcohol. Benzoic acid. C13-14 isoparaffin. Parfum. Hydroxyethylcellulose. Laureth-7. Peg/ppg-18/18 dimethicone. Phenoxyethanol. Phospholipids. Sodium acetate. Sodium dna. Tetrasodium edta",
    "display_color": "Colorless",
    "featured": {
        "collections": {
            "featured": [
                "french-girl-beauty-picks",
                "winter-beauty-essentials",
                "french-girl-beauty-picks-to-shop-now"
            ],
            "query": []
        }
    },
    "gender": "f",
    "id": "mW8Hn8",
    "in_stock": true,
    "is_active": true,
    "is_featured": true,
    "is_whitelisted": true,
    "materials": [],
    "minified_url": "net-a-porter.com/product/767995",
    "name": "Hydrance Optimale Hydrating Serum",
    "num_featured": 3,
    "occasions": [],
    "on_sale": false,
    "on_sale_bury": false,
    "price": 38,
    "primary_image": {
        "assets": {
            "l": [
                390,
                585
            ],
            "m": [
                390,
                585
            ],
            "s": [
                390,
                585
            ],
            "xs": [
                300,
                450
            ]
        },
        "key": "Dk1vluWtz",
        "palette": {
            "bgcolor": null,
            "colors": [
                [
                    [
                        236,
                        190,
                        159
                    ],
                    0.018004267447474576
                ]
            ]
        },
        "path": "mined-data-prod/product",
        "weight": "bottom"
    },
    "prints": [],
    "product_url": "https://www.net-a-porter.com/us/en/product/767995",
    "raw_category_mapped_category_id": 43,
    "raw_category_mapped_category_ids": [
        38,
        43
    ],
    "raw_category_term": "beauty > serum > face",
    "retail_price": 38,
    "secondary_images": [
        {
            "assets": {
                "l": [
                    920,
                    1380
                ],
                "m": [
                    720,
                    1080
                ],
                "s": [
                    480,
                    720
                ],
                "xs": [
                    300,
                    450
                ]
            },
            "key": "nXbZPIe",
            "path": "mined-data-prod/product"
        }
    ],
    "source": "net-a-porter",
    "store_id": 20,
    "store_name": "NET-A-PORTER",
    "store_slug": "net-a-porter",
    "stripped_name": "Hydrance Optimale Hydrating Serum",
    "stripped_raw_category_term": "beauty serum face",
    "styles": [],
    "vertical_ids": [
        2
    ]
}