{
    "_version_": 1579539600526803000,
    "affiliate_link": "http://click.linksynergy.com/link?id=25ZRSXYPVYg&offerid=530903.1065992&type=15&murl=http%3A%2F%2Fwww.matchesfashion.com%2Fus%2Fproducts%2F1065992%3Fcountry%3DUSA",
    "brand_id": 1536,
    "brand_name": "Raey",
    "brand_slug": "raey",
    "catalog_ids": [
        "base",
        "web"
    ],
    "category_id": 235,
    "category_ids": [
        1,
        2,
        101,
        235
    ],
    "category_mlt": "235straight",
    "category_name": "Straight",
    "category_names": [
        "Fashion",
        "Clothing",
        "Denim",
        "Straight"
    ],
    "category_slug": "fashion--clothing--denim--straight",
    "color_1": "37.2375262757,-2.81534109653,-14.0805771923,0.643355083375",
    "color_2": "16.4619107955,1.89636696534,-15.7038720588,0.0746007844887",
    "color_slugs": [
        "blue",
        "purple"
    ],
    "currency": "USD",
    "date_created": "2016-05-12T09:02:15.796Z",
    "date_indexed": "2017-09-25T19:05:48.768Z",
    "date_inventory_verified": "2017-08-17T03:57:22Z",
    "date_modified": "2017-09-25T19:05:48.701Z",
    "description": "Master laid-back luxury with Raey's mid-blue Rail jeans. They're cut to sit high on the waist before falling into relaxed straight legs and are purposefully faded whiskered and left raw at the cuffs for an edgy lived-in vibe. Try them with a tucked-in white tee and trainers for an effortless off-duty look.",
    "display_color": "INDIGO",
    "featured": {
        "collections": {
            "featured": [
                "minimalist-summer-style",
                "brand-to-watch-raey"
            ],
            "query": [
                "brand-to-watch-raey"
            ]
        }
    },
    "flags": [
        {
            "name": "Size Denim 30",
            "slug": "size-denim-30"
        },
        {
            "name": "Size Denim 26",
            "slug": "size-denim-26"
        }
    ],
    "gender": "f",
    "id": "mWjH4R",
    "in_stock": true,
    "is_active": true,
    "is_featured": true,
    "is_whitelisted": true,
    "materials": [],
    "micro_categories": [
        "Outfit of the Day"
    ],
    "minified_url": "matchesfashion.com/products/1065992",
    "name": "Rail high-rise straight-leg jeans",
    "num_featured": 3,
    "occasions": [],
    "on_sale": false,
    "on_sale_bury": false,
    "price": 173,
    "primary_image": {
        "assets": {
            "l": [
                1080,
                1440
            ],
            "m": [
                720,
                960
            ],
            "s": [
                480,
                640
            ],
            "xs": [
                300,
                400
            ]
        },
        "key": "qm0blSWtO",
        "palette": {
            "bgcolor": null,
            "colors": [
                [
                    [
                        68,
                        90,
                        110
                    ],
                    0.6433550833751603
                ],
                [
                    [
                        28,
                        41,
                        63
                    ],
                    0.07460078448868812
                ]
            ]
        },
        "path": "mined-data-prod/product",
        "weight": "top"
    },
    "prints": [],
    "product_url": "http://www.matchesfashion.com/us/products/1065992?country=USA",
    "raw_category_mapped_category_id": 235,
    "raw_category_mapped_category_ids": [
        1,
        2,
        101,
        235
    ],
    "raw_category_term": "jeans > straight",
    "retail_price": 173,
    "secondary_images": [
        {
            "assets": {
                "l": [
                    1080,
                    1440
                ],
                "m": [
                    720,
                    960
                ],
                "s": [
                    480,
                    640
                ],
                "xs": [
                    300,
                    400
                ]
            },
            "key": "Z7ydkhpcA",
            "path": "mined-data-prod/product"
        },
        {
            "assets": {
                "l": [
                    1080,
                    1439
                ],
                "m": [
                    720,
                    959
                ],
                "s": [
                    480,
                    639
                ],
                "xs": [
                    300,
                    399
                ]
            },
            "key": "GRdDPIGf1",
            "path": "mined-data-prod/product"
        },
        {
            "assets": {
                "l": [
                    1080,
                    1439
                ],
                "m": [
                    720,
                    959
                ],
                "s": [
                    480,
                    639
                ],
                "xs": [
                    300,
                    399
                ]
            },
            "key": "dq8zZfNsJ",
            "path": "mined-data-prod/product"
        },
        {
            "assets": {
                "l": [
                    1080,
                    1440
                ],
                "m": [
                    720,
                    960
                ],
                "s": [
                    480,
                    640
                ],
                "xs": [
                    300,
                    400
                ]
            },
            "key": "GRdDPIBSY",
            "path": "mined-data-prod/product"
        },
        {
            "assets": {
                "l": [
                    1080,
                    1439
                ],
                "m": [
                    720,
                    959
                ],
                "s": [
                    480,
                    639
                ],
                "xs": [
                    300,
                    399
                ]
            },
            "key": "BRqGnIRuQ",
            "path": "mined-data-prod/product"
        }
    ],
    "source": "matchesfashion-com",
    "store_id": 8,
    "store_name": "MatchesFashion.com",
    "store_slug": "matchesfashion-com",
    "stripped_name": "Rail high-rise -leg jeans",
    "stripped_raw_category_term": "jeans straight",
    "styles": [],
    "vertical_ids": [
        1
    ]
}