{
    "_version_": 1579979536077947000,
    "affiliate_link": "http://click.linksynergy.com/link?id=25ZRSXYPVYg&offerid=531358.4127560010&type=15&murl=https%3A%2F%2Fwww.net-a-porter.com%2Fus%2Fen%2Fproduct%2F784604",
    "brand_id": 5391,
    "brand_name": "Charlotte Tilbury",
    "brand_slug": "charlotte-tilbury",
    "catalog_ids": [
        "base",
        "web"
    ],
    "category_id": 337,
    "category_ids": [
        38,
        39,
        42,
        337
    ],
    "category_mlt": "337lipstick",
    "category_name": "Lipstick",
    "category_names": [
        "Beauty",
        "Makeup",
        "Lips",
        "Lipstick"
    ],
    "category_slug": "beauty--makeup--lips--lipstick",
    "color_1": "76.6050337008,17.1847909181,15.1108658587,0.283174603175",
    "color_2": "64.9132400597,37.3165918245,15.8766921325,0.193924466338",
    "currency": "USD",
    "date_created": "2016-07-12T13:01:55.413Z",
    "date_indexed": "2017-09-30T15:38:24.005Z",
    "date_inventory_verified": "2017-09-30T15:38:06Z",
    "date_modified": "2017-09-30T15:38:23.927Z",
    "description": "Charlotte Tilbury's 'Hot Lips' collection is inspired by some of the world's most mesmerizing women. Named after Hollywood actress and Tilbury's fellow redhead Nichole Kidman, 'Kidman's Kiss' lipstick is a rose petal pink shade that takes its cue from Pre-Raphaelite beauties and is especially flattering on fair skin. - Buildable and long-lasting, cashmere-soft matte finish - Square-angled tip mimics the shape of a lip brush for precision application - Blended with oils, triglycerides and waxes for glide-on texture - Enriched with antioxidant Lipstick Tree and soothing Orchid extracts to soften and protect - Suggested for use with the Pillow Talk Lip Cheat Lip Liner -Instructions for use: - Apply directly from the bullet - Frame and highlight the lips and cupid's bow using The Retoucher to create more intense fullness",
    "display_color": "Pink",
    "featured": {
        "collections": {
            "featured": [
                "20-beauty-products-our-editors-are-really-into-right-now",
                "under-100-our-editors-beauty-obsessions-from-net-a-porter",
                "editor-approved-beauty-products",
                "beauty-icon-cara-delevingne"
            ],
            "query": []
        }
    },
    "gender": "f",
    "id": "mWMLhn",
    "in_stock": true,
    "is_active": true,
    "is_featured": true,
    "is_whitelisted": true,
    "materials": [],
    "minified_url": "net-a-porter.com/product/784604",
    "name": "Hot Lips Lipstick",
    "num_featured": 4,
    "num_social_features": 1,
    "occasions": [],
    "on_sale": false,
    "on_sale_bury": false,
    "price": 34,
    "primary_image": {
        "assets": {
            "l": [
                390,
                585
            ],
            "m": [
                390,
                585
            ],
            "s": [
                390,
                585
            ],
            "xs": [
                300,
                450
            ]
        },
        "key": "Re5pYh5t8",
        "palette": {
            "bgcolor": null,
            "colors": [
                [
                    [
                        230,
                        177,
                        162
                    ],
                    0.2831746031746032
                ],
                [
                    [
                        227,
                        130,
                        131
                    ],
                    0.19392446633825944
                ]
            ]
        },
        "path": "mined-data-prod/product",
        "weight": "bottom"
    },
    "prints": [],
    "product_url": "https://www.net-a-porter.com/us/en/product/784604",
    "raw_category_mapped_category_id": 39,
    "raw_category_mapped_category_ids": [
        38,
        39
    ],
    "raw_category_term": "beauty > lipstick",
    "retail_price": 34,
    "secondary_images": [
        {
            "assets": {
                "l": [
                    920,
                    1380
                ],
                "m": [
                    720,
                    1080
                ],
                "s": [
                    480,
                    720
                ],
                "xs": [
                    300,
                    450
                ]
            },
            "key": "5kBQYszc0",
            "path": "mined-data-prod/product"
        },
        {
            "assets": {
                "l": [
                    920,
                    1380
                ],
                "m": [
                    720,
                    1080
                ],
                "s": [
                    480,
                    720
                ],
                "xs": [
                    300,
                    450
                ]
            },
            "key": "Re5pYh0f6",
            "path": "mined-data-prod/product"
        },
        {
            "assets": {
                "l": [
                    920,
                    1380
                ],
                "m": [
                    720,
                    1080
                ],
                "s": [
                    480,
                    720
                ],
                "xs": [
                    300,
                    450
                ]
            },
            "key": "AvgZLiysR",
            "path": "mined-data-prod/product"
        },
        {
            "assets": {
                "l": [
                    920,
                    1380
                ],
                "m": [
                    720,
                    1080
                ],
                "s": [
                    480,
                    720
                ],
                "xs": [
                    300,
                    450
                ]
            },
            "key": "jX41kFASg",
            "path": "mined-data-prod/product"
        },
        {
            "assets": {
                "l": [
                    920,
                    1380
                ],
                "m": [
                    720,
                    1080
                ],
                "s": [
                    480,
                    720
                ],
                "xs": [
                    300,
                    450
                ]
            },
            "key": "LdVmbHyuG",
            "path": "mined-data-prod/product"
        },
        {
            "assets": {
                "l": [
                    920,
                    1380
                ],
                "m": [
                    720,
                    1080
                ],
                "s": [
                    480,
                    720
                ],
                "xs": [
                    300,
                    450
                ]
            },
            "key": "LdVmbHLiJ",
            "path": "mined-data-prod/product"
        }
    ],
    "social_images": [
        46162
    ],
    "social_influencer_mentions": [
        1212
    ],
    "social_links": [
        11459
    ],
    "source": "net-a-porter",
    "store_id": 20,
    "store_name": "NET-A-PORTER",
    "store_slug": "net-a-porter",
    "stripped_name": "Hot",
    "stripped_raw_category_term": "beauty lipstick",
    "styles": [],
    "vertical_ids": [
        2
    ]
}