{
    "_version_": 1573495091262128000,
    "affiliate_link": "https://www.amazon.com/gp/product/0316391174/ref=as_li_qf_sp_asin_il_tl?ie=UTF8&tag=whowhcom-20&camp=1789&creative=9325&linkCode=as2&creativeASIN=0316391174&linkId=479f147840262fc0b11934b7d8f9220d",
    "brand_id": 20019,
    "brand_name": "Alice Adams",
    "brand_slug": "alice-adams",
    "catalog_ids": [
        "base",
        "web"
    ],
    "category_id": 159,
    "category_ids": [
        47,
        159
    ],
    "category_mlt": "159books & games",
    "category_name": "Books & Games",
    "category_names": [
        "Home",
        "Books & Games"
    ],
    "category_slug": "home--books-games",
    "color_1": "64.7867407701,-17.8272849838,-9.25375578679,0.196256299496",
    "color_2": "51.4527776262,59.9546356806,46.8909780916,0.0392368610511",
    "color_3": "67.5521782346,27.2723018002,20.5320329351,0.034838012959",
    "color_slugs": [
        "sky-blue"
    ],
    "currency": "USD",
    "date_created": "2016-07-11T19:46:01.891Z",
    "date_indexed": "2017-07-21T01:50:55.528Z",
    "featured": {
        "collections": {
            "featured": [
                "best-selling-books-amazon",
                "coffee-table-books-for-a-happier-and-healthier-home",
                "best-amazon-finds"
            ],
            "query": []
        }
    },
    "gender": "f",
    "id": "mWMVJh",
    "in_stock": true,
    "is_active": true,
    "is_featured": true,
    "is_whitelisted": false,
    "materials": [],
    "minified_url": "www.amazon.com/Invincible-Summer-Alice-Adams-ebook/dp/B0169ATLHC/ref=as_li_ss_tl?s=digital-text&ie=UTF8&qid=1464296765&sr=1-1&keywords=invincible+summer&linkCode=sl1&tag=whowhcom-20&linkId=add717199688616710c12bc5fa7ad9f3",
    "name": "Invincible Summer ",
    "num_featured": 3,
    "occasions": [],
    "on_sale": false,
    "on_sale_bury": false,
    "price": 8,
    "primary_image": {
        "assets": {
            "l": [
                323,
                499
            ],
            "m": [
                323,
                499
            ],
            "s": [
                323,
                499
            ],
            "xs": [
                300,
                463
            ]
        },
        "key": "nVGVohE",
        "palette": {
            "bgcolor": null,
            "colors": [
                {
                    "prominence": 0.19625629949604032,
                    "value": [
                        107,
                        167,
                        173
                    ]
                },
                {
                    "prominence": 0.03923686105111591,
                    "value": [
                        223,
                        65,
                        45
                    ]
                },
                {
                    "prominence": 0.034838012958963285,
                    "value": [
                        222,
                        145,
                        129
                    ]
                }
            ]
        },
        "path": "mined-data-prod/product",
        "weight": "center"
    },
    "prints": [],
    "product_url": "https://www.amazon.com/gp/product/0316391174/ref=as_li_qf_sp_asin_il_tl?ie=UTF8&tag=whowhcom-20&camp=1789&creative=9325&linkCode=as2&creativeASIN=0316391174&linkId=479f147840262fc0b11934b7d8f9220d",
    "retail_price": 8,
    "secondary_images": [],
    "source": "manual",
    "store_id": 254,
    "store_name": "Amazon",
    "store_slug": "amazon",
    "stripped_name": "Invincible Summer",
    "styles": [],
    "vertical_ids": [
        3
    ]
}