{
    "_version_": 1579994545678975000,
    "affiliate_link": "http://www.anrdoezrs.net/links/7275537/type/dlg/sid/TP/https://www.urbanoutfitters.com/shop/cinema-box-led-light?cm_mmc=CJ-_-Affiliates-_-Clique%20Media%2C%20Inc.%20%20%7C%20Who%20What%20Wear-_-11554356&utm_medium=affiliates&utm_source=CJ",
    "brand_id": 7832,
    "brand_name": "Urban Outfitters",
    "brand_slug": "urban-outfitters",
    "catalog_ids": [
        "base",
        "web",
        "app"
    ],
    "category_id": 95,
    "category_ids": [
        47,
        95
    ],
    "category_mlt": "95lighting",
    "category_name": "Lighting",
    "category_names": [
        "Home",
        "Lighting"
    ],
    "category_slug": "home--lighting",
    "color_1": "61.5886847202,10.7429144722,21.1223288107,0.17802962963",
    "currency": "USD",
    "date_created": "2016-02-19T02:14:00.412Z",
    "date_indexed": "2017-09-30T19:36:58.276Z",
    "date_inventory_verified": "2017-09-30T19:30:39Z",
    "date_modified": "2017-09-30T19:36:58.226Z",
    "description": "\"LED light inspired by cinema marquee signs, complete with 100 letters and symbols you can arrange however you'd like! Perfect for a totally unique addition to any living space or bedroom! Hardware not included.Content + Care- Includes: light, 100 letters/symbols- Requires 6 AA batteries (not included)- Plastic, LED lights- Wipe clean- ImportedIncluded Letters + Symbols- 5 of each: A, E, I, O- 4 of each: F, H, L, R, S, T- 3 of each: B, C, D, G, M, N, P, U, W, Y- 2 each of: J, K, Q, V, X, Z- 1 of each: 1, 2, 3, 4, 5, 6, 7, 8, 9, #, ?, @, &, !Size- Dimensions: 11.75\"l x 8.75\"w x 2\"dShipping- Package dimensions: 12.25\"l x 9\"w x 2.25\"h- Package weight: 1.9 lbs,BLACK,ONE SIZE\"",
    "featured": {
        "collections": {
            "featured": [
                "grad-gifts",
                "top-trends-2017",
                "fall-trends-2016",
                "downtown-decor",
                "the-most-showstopping-lighting-under-200"
            ],
            "query": []
        }
    },
    "flags": [
        {
            "name": "Two Day Shipping",
            "slug": "two-day-shipping"
        }
    ],
    "gender": "n",
    "id": "mWPR6P",
    "in_stock": true,
    "is_active": true,
    "is_featured": true,
    "is_whitelisted": true,
    "materials": [],
    "minified_url": "urbanoutfitters.com/urban/catalog/productdetail.jsp?id=38904520",
    "name": "Cinema Box LED Light",
    "num_featured": 5,
    "occasions": [],
    "on_sale": true,
    "on_sale_bury": false,
    "price": 49,
    "primary_image": {
        "assets": {
            "l": [
                975,
                1463
            ],
            "m": [
                720,
                1080
            ],
            "s": [
                480,
                720
            ],
            "xs": [
                300,
                450
            ]
        },
        "key": "pqwxVuNtV",
        "palette": {
            "bgcolor": null,
            "colors": [
                [
                    [
                        180,
                        141,
                        112
                    ],
                    0.17802962962962962
                ]
            ]
        },
        "path": "mined-data-prod/product",
        "weight": "bottom"
    },
    "prints": [],
    "product_url": "https://www.urbanoutfitters.com/shop/cinema-box-led-light?cm_mmc=CJ-_-Affiliates-_-Clique%20Media%2C%20Inc.%20%20%7C%20Who%20What%20Wear-_-11554356&utm_medium=affiliates&utm_source=CJ",
    "raw_category_mapped_category_id": 95,
    "raw_category_mapped_category_ids": [
        47,
        95
    ],
    "raw_category_term": "afurnlighting",
    "retail_price": 59,
    "sale_percent": 15,
    "secondary_images": [],
    "source": "urban-outfitters",
    "status": [
        "discontinued"
    ],
    "store_id": 9,
    "store_name": "Urban Outfitters",
    "store_slug": "urban-outfitters",
    "stripped_name": "Cinema Box LED Light",
    "stripped_raw_category_term": "afurnlighting",
    "styles": [],
    "vertical_ids": [
        3
    ]
}