{
    "_version_": 1579986219521015800,
    "affiliate_link": "http://click.linksynergy.com/link?id=25ZRSXYPVYg&offerid=531358.10540547290&type=15&murl=https%3A%2F%2Fwww.net-a-porter.com%2Fus%2Fen%2Fproduct%2F664778",
    "brand_id": 5391,
    "brand_name": "Charlotte Tilbury",
    "brand_slug": "charlotte-tilbury",
    "catalog_ids": [
        "base",
        "web"
    ],
    "category_id": 331,
    "category_ids": [
        38,
        39,
        41,
        331
    ],
    "category_mlt": "331foundations / concealers",
    "category_name": "Foundations / Concealers",
    "category_names": [
        "Beauty",
        "Makeup",
        "Face",
        "Foundations / Concealers"
    ],
    "category_slug": "beauty--makeup--face--foundations-concealers",
    "color_1": "73.1210251117,11.7816081113,18.6927121874,0.056637037037",
    "currency": "USD",
    "date_created": "2016-04-11T12:35:23.659Z",
    "date_indexed": "2017-09-30T17:24:37.833Z",
    "date_inventory_verified": "2017-09-30T17:18:55Z",
    "date_modified": "2017-09-28T21:24:49.722Z",
    "description": "Charlotte Tilbury's 'Mini Miracle' wand gives eyes a bright, well-rested appearance. Infused with nourishing Shea Butter, natural oils and hydrating Hyaluronic Acid, the first step plumps and rejuvenates, while Rice Proteins target signs of tiredness and aging. The second step is inspired by the silver reflectors used by professional photographers, blending a colored concealer with light-diffusing particles and collagen-boosting Polypeptides for an illuminating effect. Charlotte says: A miraculous two-step remedy for bags and circles - because the whole world is tired! - A beige shade for light skin with neutral undertones - Works with Light Wonder Foundation in Shade 4, Shade 5, Shade 6 or Shade 7 or with Magic Foundation in Shade 3.5, Shade 4, Shade 4.5 or Shade 5 - Enriched with Bio Extract of Salicornia to reduce water loss and stimulate the skin's natural moisture production - Silky elastomers smooth the skin surface to cover bags and fine lines -Instructions for use: - Apply 'Eye Cream' directly from the nib to the under-eye area and gently pat with ring finger - Brush the brightening 'Light Reflector' over the cream, taking it over any dark circles and into the socket, and blend - For best results, apply on top of foundation for a visibly brighter, more youthful look - 3ml/ 0.10fl. oz.",
    "display_color": "Beige",
    "featured": {
        "collections": {
            "featured": [
                "heres-how-to-achieve-a-fresh-complexion",
                "20-beauty-products-our-editors-are-really-into-right-now",
                "must-have-products-for-your-midday-touch-up",
                "under-100-our-editors-beauty-obsessions-from-net-a-porter",
                "summer-beauty-essentials-to-stock-up-on",
                "beauty-essentials-for-a-weekend-getaway",
                "must-have-concealers"
            ],
            "query": []
        }
    },
    "gender": "f",
    "id": "mWyvJD",
    "in_stock": true,
    "is_active": true,
    "is_featured": true,
    "is_whitelisted": true,
    "materials": [],
    "minified_url": "net-a-porter.com/product/664778",
    "name": "Mini Miracle Eye Wand",
    "num_featured": 7,
    "occasions": [],
    "on_sale": false,
    "on_sale_bury": false,
    "price": 45,
    "primary_image": {
        "assets": {
            "l": [
                390,
                585
            ],
            "m": [
                390,
                585
            ],
            "s": [
                390,
                585
            ],
            "xs": [
                300,
                450
            ]
        },
        "key": "xjLQWfwto",
        "palette": {
            "bgcolor": null,
            "colors": [
                [
                    [
                        213,
                        171,
                        146
                    ],
                    0.056637037037037034
                ]
            ]
        },
        "path": "mined-data-prod/product",
        "weight": "bottom"
    },
    "prints": [],
    "product_url": "https://www.net-a-porter.com/us/en/product/664778",
    "raw_category_mapped_category_id": 39,
    "raw_category_mapped_category_ids": [
        38,
        39
    ],
    "raw_category_term": "beauty > concealer > face",
    "retail_price": 45,
    "secondary_images": [
        {
            "assets": {
                "l": [
                    920,
                    1380
                ],
                "m": [
                    720,
                    1080
                ],
                "s": [
                    480,
                    720
                ],
                "xs": [
                    300,
                    450
                ]
            },
            "key": "VGVDZUdcV",
            "path": "mined-data-prod/product"
        },
        {
            "assets": {
                "l": [
                    920,
                    1380
                ],
                "m": [
                    720,
                    1080
                ],
                "s": [
                    480,
                    720
                ],
                "xs": [
                    300,
                    450
                ]
            },
            "key": "vQROniBfD",
            "path": "mined-data-prod/product"
        },
        {
            "assets": {
                "l": [
                    920,
                    1380
                ],
                "m": [
                    720,
                    1080
                ],
                "s": [
                    480,
                    720
                ],
                "xs": [
                    300,
                    450
                ]
            },
            "key": "kjLO4fXs7",
            "path": "mined-data-prod/product"
        },
        {
            "assets": {
                "l": [
                    920,
                    1380
                ],
                "m": [
                    720,
                    1080
                ],
                "s": [
                    480,
                    720
                ],
                "xs": [
                    300,
                    450
                ]
            },
            "key": "M0JXkS5Sj",
            "path": "mined-data-prod/product"
        }
    ],
    "source": "net-a-porter",
    "store_id": 20,
    "store_name": "NET-A-PORTER",
    "store_slug": "net-a-porter",
    "stripped_name": "Mini Miracle Eye Wand",
    "stripped_raw_category_term": "beauty concealer face",
    "styles": [],
    "vertical_ids": [
        2
    ]
}