{
    "_version_": 1579494527183356000,
    "affiliate_link": "http://click.linksynergy.com/link?id=25ZRSXYPVYg&offerid=302794.1135292&type=15&murl=http%3A%2F%2Fwww.matchesfashion.com%2Fus%2Fproducts%2F1135292%3Fcountry%3DUSA",
    "brand_id": 2,
    "brand_name": "Dolce & Gabbana",
    "brand_slug": "dolce-gabbana",
    "catalog_ids": [
        "base",
        "web"
    ],
    "category_id": 28,
    "category_ids": [
        1,
        22,
        392,
        28
    ],
    "category_mlt": "28sunglasses",
    "category_name": "Sunglasses",
    "category_names": [
        "Fashion",
        "Accessories",
        "Eyewear",
        "Sunglasses"
    ],
    "category_slug": "fashion--accessories--eyewear--sunglasses",
    "color_1": "85.5234449377,-0.179196513912,51.7510228411,0.503912466844",
    "color_slugs": [
        "beige",
        "yellow"
    ],
    "currency": "USD",
    "date_created": "2017-01-09T10:02:22.225Z",
    "date_indexed": "2017-09-25T07:09:23.479Z",
    "date_inventory_verified": "2017-08-16T22:42:10Z",
    "date_modified": "2017-08-18T07:05:29.144Z",
    "description": "Dolce & Gabbana's Resort 2017 collection was packed with playful accessories including these glittery yellow acetate sunglasses. Meticulously crafted in Italy with round yellow-tinted lenses they're set on a gleaming silver-tone metal frame and finished with logo-engraved arms. Watch them add a sun-soaked note to a vibrant printed dress.",
    "display_color": "GOLD",
    "featured": {
        "collections": {
            "featured": [
                "yellow-style-fashion",
                "retro-inspired-sunglasses",
                "colorful-sunglasses"
            ],
            "query": []
        }
    },
    "gender": "f",
    "id": "mY7wZf",
    "in_stock": true,
    "is_active": true,
    "is_featured": true,
    "is_whitelisted": true,
    "materials": [],
    "micro_categories": [
        "Under 100"
    ],
    "minified_url": "matchesfashion.com/products/1135292",
    "name": "Round-frame glitter-acetate sunglasses",
    "num_featured": 3,
    "occasions": [
        "Warm Weather Vacation",
        "Festival",
        "Weekend Getaway"
    ],
    "on_sale": true,
    "on_sale_bury": false,
    "price": 99,
    "primary_image": {
        "assets": {
            "l": [
                1080,
                1440
            ],
            "m": [
                720,
                960
            ],
            "s": [
                480,
                640
            ],
            "xs": [
                300,
                400
            ]
        },
        "key": "80pD06fN",
        "palette": {
            "bgcolor": null,
            "colors": [
                [
                    [
                        244,
                        211,
                        114
                    ],
                    0.5039124668435013
                ]
            ]
        },
        "path": "mined-data-prod/product",
        "weight": "bottom"
    },
    "prints": [],
    "product_url": "http://www.matchesfashion.com/us/products/1135292?country=USA",
    "raw_category_mapped_category_id": 22,
    "raw_category_mapped_category_ids": [
        1,
        22
    ],
    "raw_category_term": "sunglasses",
    "retail_price": 198,
    "sale_percent": 50,
    "secondary_images": [
        {
            "assets": {
                "l": [
                    1080,
                    1440
                ],
                "m": [
                    720,
                    960
                ],
                "s": [
                    480,
                    640
                ],
                "xs": [
                    300,
                    400
                ]
            },
            "key": "Ed42dqh1",
            "path": "mined-data-prod/product"
        },
        {
            "assets": {
                "l": [
                    1080,
                    1439
                ],
                "m": [
                    720,
                    959
                ],
                "s": [
                    480,
                    639
                ],
                "xs": [
                    300,
                    399
                ]
            },
            "key": "YGleGEFPfJ",
            "path": "mined-data-prod/product"
        },
        {
            "assets": {
                "l": [
                    1080,
                    1440
                ],
                "m": [
                    720,
                    960
                ],
                "s": [
                    480,
                    640
                ],
                "xs": [
                    300,
                    400
                ]
            },
            "key": "YGleGEFJ",
            "path": "mined-data-prod/product"
        },
        {
            "assets": {
                "l": [
                    1080,
                    1440
                ],
                "m": [
                    720,
                    960
                ],
                "s": [
                    480,
                    640
                ],
                "xs": [
                    300,
                    400
                ]
            },
            "key": "pL2OLeho",
            "path": "mined-data-prod/product"
        }
    ],
    "source": "matchesfashion-com",
    "status": [
        "discontinued"
    ],
    "store_id": 8,
    "store_name": "MatchesFashion.com",
    "store_slug": "matchesfashion-com",
    "stripped_name": "Round-frame glitter-acetate",
    "stripped_raw_category_term": "sunglasses",
    "styles": [],
    "vertical_ids": [
        1
    ]
}