{
    "_version_": 1579897263811985400,
    "affiliate_link": "http://www.jdoqocy.com/click-2299623-11407377?url=http%3A%2F%2Ftracking.searchmarketing.com%2Fclick.asp%3Faid%3D120120820000220646",
    "brand_id": 18381,
    "brand_name": "Sur La Table",
    "brand_slug": "sur-la-table",
    "catalog_ids": [
        "base",
        "web"
    ],
    "category_id": 163,
    "category_ids": [
        47,
        159,
        163
    ],
    "category_mlt": "163cookbooks",
    "category_name": "Cookbooks",
    "category_names": [
        "Home",
        "Books & Games",
        "Cookbooks"
    ],
    "category_slug": "home--books-games--cookbooks",
    "color_1": "60.7234142445,-0.973858762625,16.2034118518,0.0451679956382",
    "color_2": "27.4392881154,-12.2003699643,29.7691069512,0.0372623185443",
    "color_3": "59.4074090106,37.897160561,58.1209364587,0.0303107748927",
    "currency": "USD",
    "date_created": "2017-01-21T01:47:08.655Z",
    "date_indexed": "2017-09-29T17:50:43.058Z",
    "date_modified": "2017-07-24T00:47:21.891Z",
    "description": "Host is a contemporary guide to eating, drinking and entertaining from W&P Design co-founders Eric Prum and Josh Williams. From intimate dinner parties to festive rooftop gatherings, Eric and Josh show how to be a better host with inspired-yet-approachable recipes and advice for creating delicious meals and unforgettable experiences\u00e2\u0080\u0094all with an eye towards how people eat and drink in today\u00e2\u0080\u0099s urban centers.",
    "featured": {
        "collections": {
            "featured": [
                "healthy-summer",
                "mothers-day-gifts",
                "aries-gifts"
            ],
            "query": [
                "cool-coffee-table-books",
                "best-cookbooks",
                "kitchen-essentials-fall-cooking",
                "coffee-table-books-for-a-happier-and-healthier-home"
            ]
        }
    },
    "gender": "n",
    "id": "mz6RpZ",
    "in_stock": true,
    "is_active": true,
    "is_featured": true,
    "is_whitelisted": true,
    "materials": [],
    "minified_url": "surlatable.com/product/PRO-3082948/",
    "name": "Host: A Modern Guide to Eating",
    "num_featured": 3,
    "num_social_features": 1,
    "occasions": [],
    "on_sale": false,
    "on_sale_bury": false,
    "price": 35,
    "primary_image": {
        "assets": {
            "l": [
                430,
                430
            ],
            "m": [
                430,
                430
            ],
            "s": [
                430,
                430
            ],
            "xs": [
                300,
                300
            ]
        },
        "key": "wEeRz2ib",
        "palette": {
            "bgcolor": null,
            "colors": [
                [
                    [
                        156,
                        146,
                        118
                    ],
                    0.04516799563824712
                ],
                [
                    [
                        60,
                        69,
                        15
                    ],
                    0.037262318544264976
                ],
                [
                    [
                        222,
                        113,
                        36
                    ],
                    0.030310774892659986
                ]
            ]
        },
        "path": "mined-data-prod/product",
        "weight": "bottom"
    },
    "prints": [],
    "product_url": "http://tracking.searchmarketing.com/click.asp?aid=120120820000220646",
    "raw_category_mapped_category_id": 47,
    "raw_category_mapped_category_ids": [
        47
    ],
    "raw_category_term": "home > cookware > cookbooks",
    "retail_price": 35,
    "secondary_images": [],
    "social_links": [
        13339
    ],
    "source": "sur-la-table",
    "status": [
        "discontinued"
    ],
    "store_id": 223,
    "store_name": "Sur La Table",
    "store_slug": "sur-la-table",
    "stripped_name": "Host: A Modern Guide to Eating",
    "stripped_raw_category_term": "home cookware cookbooks",
    "styles": [],
    "vertical_ids": [
        3
    ]
}