<application>
  <component name="GoSdkList">
    <sdk-url>
      <set>
        <option value="" />
        <option value="file://" />
        <option value="file://$USER_HOME$/.google-cloud-sdk/platform/google_appengine/goroot-1.9" />
        <option value="file://$USER_HOME$/go/pkg/mod/golang.org/toolchain@v0.0.1-go1.21.4.darwin-arm64" />
        <option value="file:///usr/local/Cellar/go/1.10.1/libexec" />
        <option value="file:///usr/local/Cellar/go/1.10/libexec" />
        <option value="file:///usr/local/Cellar/go/1.11/libexec" />
        <option value="file:///usr/local/Cellar/go/1.13.4/libexec" />
        <option value="file:///usr/local/Cellar/go/1.14.3/libexec" />
        <option value="file:///usr/local/Cellar/go/1.17.5/libexec" />
        <option value="file:///usr/local/go" />
      </set>
    </sdk-url>
  </component>
</application>