<application>
  <component name="GeneralSettings">
    <option name="confirmExit" value="false" />
    <option name="confirmOpenNewProject2" value="1" />
    <option name="processCloseConfirmation" value="TERMINATE" />
    <option name="showTipsOnStartup" value="false" />
  </component>
  <component name="Registry">
    <entry key="ide.firstStartup" value="false" />
    <entry key="dumb.aware.run.configurations" value="true" />
    <entry key="ide.tooltip.show.with.actions" value="true" />
    <entry key="debugger.watches.in.variables" value="false" />
  </component>
</application>