<application>
  <component name="ProjectJdkTable">
    <jdk version="2">
      <name value="Remote Python 3.7.8 Docker (object-classifier_cpu:latest)" />
      <type value="Python SDK" />
      <version value="Python 3.7.8" />
      <homePath value="docker://object-classifier_cpu:latest/python" />
      <roots>
        <classPath>
          <root type="composite">
            <root url="file://$USER_HOME$/Library/Caches/PyCharm2019.3/remote_sources/-331237496/201545292" type="simple" />
            <root url="file://$USER_HOME$/Library/Caches/PyCharm2019.3/remote_sources/-331237496/125375885" type="simple" />
            <root url="file://$USER_HOME$/Library/Caches/PyCharm2019.3/remote_sources/-331237496/1496978" type="simple" />
            <root url="file://$USER_HOME$/Library/Caches/PyCharm2019.3/remote_sources/-331237496/-1171821208" type="simple" />
            <root url="file://$USER_HOME$/Library/Caches/PyCharm2019.3/python_stubs/-331237496" type="simple" />
            <root url="file://$APPLICATION_HOME_DIR$/plugins/python/helpers/python-skeletons" type="simple" />
            <root url="file://$APPLICATION_HOME_DIR$/plugins/python/helpers/typeshed/stdlib/3" type="simple" />
            <root url="file://$APPLICATION_HOME_DIR$/plugins/python/helpers/typeshed/stdlib/2and3" type="simple" />
            <root url="file://$APPLICATION_HOME_DIR$/plugins/python/helpers/typeshed/third_party/3" type="simple" />
            <root url="file://$APPLICATION_HOME_DIR$/plugins/python/helpers/typeshed/third_party/2and3" type="simple" />
          </root>
        </classPath>
        <sourcePath>
          <root type="composite" />
        </sourcePath>
      </roots>
      <additional DOCKER_ACCOUNT_NAME="Docker" DOCKER_IMAGE_NAME="object-classifier_cpu:latest" DOCKER_REMOTE_PROJECT_PATH="/opt/project" INTERPRETER_PATH="python" HELPERS_PATH="/opt/.pycharm_helpers" INITIALIZED="false" VALID="true" RUN_AS_ROOT_VIA_SUDO="false" SKELETONS_PATH="" VERSION="">
        <PathMappingSettings>
          <option name="pathMappings">
            <list>
              <mapping local-root="$USER_HOME$/Library/Caches/PyCharm2019.3/remote_sources/-331237496/201545292" remote-root="/usr/lib/python3.7" />
              <mapping local-root="$USER_HOME$/Library/Caches/PyCharm2019.3/remote_sources/-331237496/125375885" remote-root="/usr/local/lib/python3.7/dist-packages" />
              <mapping local-root="$USER_HOME$/Library/Caches/PyCharm2019.3/remote_sources/-331237496/1496978" remote-root="/app" />
              <mapping local-root="$USER_HOME$/Library/Caches/PyCharm2019.3/remote_sources/-331237496/-1171821208" remote-root="/usr/lib/python3/dist-packages" />
            </list>
          </option>
        </PathMappingSettings>
      </additional>
    </jdk>
    <jdk version="2">
      <name value="Python 3.7 (albarn-service)" />
      <type value="Python SDK" />
      <version value="Python 3.7.3" />
      <homePath value="$USER_HOME$/web/kovpak/ring/mlp/albarn-service/local/bin/python3.7" />
      <roots>
        <classPath>
          <root type="composite">
            <root url="file:///Library/Developer/CommandLineTools/Library/Frameworks/Python3.framework/Versions/3.7/lib/python3.7" type="simple" />
            <root url="file:///Library/Developer/CommandLineTools/Library/Frameworks/Python3.framework/Versions/3.7/lib/python3.7/lib-dynload" type="simple" />
            <root url="file://$USER_HOME$/web/kovpak/ring/mlp/albarn-service/local/lib/python3.7/site-packages" type="simple" />
            <root url="file://$USER_HOME$/Library/Caches/PyCharm2019.3/python_stubs/-775723684" type="simple" />
            <root url="file://$APPLICATION_HOME_DIR$/plugins/python/helpers/python-skeletons" type="simple" />
            <root url="file://$APPLICATION_HOME_DIR$/plugins/python/helpers/typeshed/stdlib/3" type="simple" />
            <root url="file://$APPLICATION_HOME_DIR$/plugins/python/helpers/typeshed/stdlib/2and3" type="simple" />
            <root url="file://$APPLICATION_HOME_DIR$/plugins/python/helpers/typeshed/third_party/3" type="simple" />
            <root url="file://$APPLICATION_HOME_DIR$/plugins/python/helpers/typeshed/third_party/2and3" type="simple" />
          </root>
        </classPath>
        <sourcePath>
          <root type="composite" />
        </sourcePath>
      </roots>
      <additional ASSOCIATED_PROJECT_PATH="$USER_HOME$/web/kovpak/ring/mlp/albarn" />
    </jdk>
    <jdk version="2">
      <name value="Python 3.7 (kubeflow-pipelines)" />
      <type value="Python SDK" />
      <version value="Python 3.7.3" />
      <homePath value="$USER_HOME$/web/kovpak/ring/mlp/kubeflow-pipelines/local/bin/python" />
      <roots>
        <classPath>
          <root type="composite">
            <root url="file:///Library/Developer/CommandLineTools/Library/Frameworks/Python3.framework/Versions/3.7/lib/python3.7" type="simple" />
            <root url="file:///Library/Developer/CommandLineTools/Library/Frameworks/Python3.framework/Versions/3.7/lib/python3.7/lib-dynload" type="simple" />
            <root url="file://$USER_HOME$/web/kovpak/ring/mlp/kubeflow-pipelines/local/lib/python3.7/site-packages" type="simple" />
            <root url="file://$USER_HOME$/Library/Caches/PyCharm2019.3/python_stubs/735573295" type="simple" />
            <root url="file://$APPLICATION_HOME_DIR$/plugins/python/helpers/python-skeletons" type="simple" />
            <root url="file://$APPLICATION_HOME_DIR$/plugins/python/helpers/typeshed/stdlib/3" type="simple" />
            <root url="file://$APPLICATION_HOME_DIR$/plugins/python/helpers/typeshed/stdlib/2and3" type="simple" />
            <root url="file://$APPLICATION_HOME_DIR$/plugins/python/helpers/typeshed/third_party/3" type="simple" />
            <root url="file://$APPLICATION_HOME_DIR$/plugins/python/helpers/typeshed/third_party/2and3" type="simple" />
          </root>
        </classPath>
        <sourcePath>
          <root type="composite" />
        </sourcePath>
      </roots>
      <additional ASSOCIATED_PROJECT_PATH="$USER_HOME$/web/kovpak/ring/mlp/kubeflow-pipelines" />
    </jdk>
    <jdk version="2">
      <name value="Python 3.7 (object-classifier)" />
      <type value="Python SDK" />
      <version value="Python 3.7.3" />
      <homePath value="$USER_HOME$/web/kovpak/ring/mlp/object-classifier/local/bin/python" />
      <roots>
        <classPath>
          <root type="composite">
            <root url="file:///Library/Developer/CommandLineTools/Library/Frameworks/Python3.framework/Versions/3.7/lib/python3.7" type="simple" />
            <root url="file:///Library/Developer/CommandLineTools/Library/Frameworks/Python3.framework/Versions/3.7/lib/python3.7/lib-dynload" type="simple" />
            <root url="file://$USER_HOME$/web/kovpak/ring/mlp/object-classifier/local/lib/python3.7/site-packages" type="simple" />
            <root url="file://$USER_HOME$/Library/Caches/PyCharm2019.3/python_stubs/1961747473" type="simple" />
            <root url="file://$APPLICATION_HOME_DIR$/plugins/python/helpers/python-skeletons" type="simple" />
            <root url="file://$APPLICATION_HOME_DIR$/plugins/python/helpers/typeshed/stdlib/3" type="simple" />
            <root url="file://$APPLICATION_HOME_DIR$/plugins/python/helpers/typeshed/stdlib/2and3" type="simple" />
            <root url="file://$APPLICATION_HOME_DIR$/plugins/python/helpers/typeshed/third_party/3" type="simple" />
            <root url="file://$APPLICATION_HOME_DIR$/plugins/python/helpers/typeshed/third_party/2and3" type="simple" />
          </root>
        </classPath>
        <sourcePath>
          <root type="composite" />
        </sourcePath>
      </roots>
      <additional ASSOCIATED_PROJECT_PATH="$USER_HOME$/web/kovpak/ring/mlp/object-classifier" />
    </jdk>
    <jdk version="2">
      <name value="Remote Python 3.7.9 Docker (object-classifier_gpu:latest)" />
      <type value="Python SDK" />
      <version value="Python 3.7.9" />
      <homePath value="docker://object-classifier_gpu:latest/python" />
      <roots>
        <classPath>
          <root type="composite">
            <root url="file://$USER_HOME$/Library/Caches/PyCharm2019.3/remote_sources/787033996/201545292" type="simple" />
            <root url="file://$USER_HOME$/Library/Caches/PyCharm2019.3/remote_sources/787033996/125375885" type="simple" />
            <root url="file://$USER_HOME$/Library/Caches/PyCharm2019.3/remote_sources/787033996/1496978" type="simple" />
            <root url="file://$USER_HOME$/Library/Caches/PyCharm2019.3/remote_sources/787033996/-1171821208" type="simple" />
            <root url="file://$USER_HOME$/Library/Caches/PyCharm2019.3/python_stubs/787033996" type="simple" />
            <root url="file://$APPLICATION_HOME_DIR$/plugins/python/helpers/python-skeletons" type="simple" />
            <root url="file://$APPLICATION_HOME_DIR$/plugins/python/helpers/typeshed/stdlib/3" type="simple" />
            <root url="file://$APPLICATION_HOME_DIR$/plugins/python/helpers/typeshed/stdlib/2and3" type="simple" />
            <root url="file://$APPLICATION_HOME_DIR$/plugins/python/helpers/typeshed/third_party/3" type="simple" />
            <root url="file://$APPLICATION_HOME_DIR$/plugins/python/helpers/typeshed/third_party/2and3" type="simple" />
          </root>
        </classPath>
        <sourcePath>
          <root type="composite" />
        </sourcePath>
      </roots>
      <additional DOCKER_ACCOUNT_NAME="Docker" DOCKER_IMAGE_NAME="object-classifier_gpu:latest" DOCKER_REMOTE_PROJECT_PATH="/opt/project" INTERPRETER_PATH="python" HELPERS_PATH="/opt/.pycharm_helpers" INITIALIZED="false" VALID="true" RUN_AS_ROOT_VIA_SUDO="false" SKELETONS_PATH="" VERSION="">
        <PathMappingSettings>
          <option name="pathMappings">
            <list>
              <mapping local-root="$USER_HOME$/Library/Caches/PyCharm2019.3/remote_sources/787033996/201545292" remote-root="/usr/lib/python3.7" />
              <mapping local-root="$USER_HOME$/Library/Caches/PyCharm2019.3/remote_sources/787033996/125375885" remote-root="/usr/local/lib/python3.7/dist-packages" />
              <mapping local-root="$USER_HOME$/Library/Caches/PyCharm2019.3/remote_sources/787033996/1496978" remote-root="/app" />
              <mapping local-root="$USER_HOME$/Library/Caches/PyCharm2019.3/remote_sources/787033996/-1171821208" remote-root="/usr/lib/python3/dist-packages" />
            </list>
          </option>
        </PathMappingSettings>
      </additional>
    </jdk>
    <jdk version="2">
      <name value="Python 3.7 (cloud-motion-detection)" />
      <type value="Python SDK" />
      <version value="Python 3.7.3" />
      <homePath value="$USER_HOME$/web/kovpak/ring/mlp/cloud-motion-detection/local/bin/python" />
      <roots>
        <classPath>
          <root type="composite">
            <root url="file:///Library/Developer/CommandLineTools/Library/Frameworks/Python3.framework/Versions/3.7/lib/python3.7" type="simple" />
            <root url="file:///Library/Developer/CommandLineTools/Library/Frameworks/Python3.framework/Versions/3.7/lib/python3.7/lib-dynload" type="simple" />
            <root url="file://$USER_HOME$/web/kovpak/ring/mlp/cloud-motion-detection/local/lib/python3.7/site-packages" type="simple" />
            <root url="file://$USER_HOME$/Library/Caches/PyCharm2019.3/python_stubs/1981127528" type="simple" />
            <root url="file://$APPLICATION_HOME_DIR$/plugins/python/helpers/python-skeletons" type="simple" />
            <root url="file://$APPLICATION_HOME_DIR$/plugins/python/helpers/typeshed/stdlib/3" type="simple" />
            <root url="file://$APPLICATION_HOME_DIR$/plugins/python/helpers/typeshed/stdlib/2and3" type="simple" />
            <root url="file://$APPLICATION_HOME_DIR$/plugins/python/helpers/typeshed/third_party/3" type="simple" />
            <root url="file://$APPLICATION_HOME_DIR$/plugins/python/helpers/typeshed/third_party/2and3" type="simple" />
          </root>
        </classPath>
        <sourcePath>
          <root type="composite" />
        </sourcePath>
      </roots>
      <additional ASSOCIATED_PROJECT_PATH="$USER_HOME$/web/kovpak/ring/mlp/cloud-motion-detection" />
    </jdk>
    <jdk version="2">
      <name value="Python 3.6" />
      <type value="Python SDK" />
      <version value="Python 3.6.8" />
      <homePath value="/usr/local/bin/python3.6" />
      <roots>
        <classPath>
          <root type="composite">
            <root url="file:///Library/Frameworks/Python.framework/Versions/3.6/lib/python3.6" type="simple" />
            <root url="file:///Library/Frameworks/Python.framework/Versions/3.6/lib/python3.6/lib-dynload" type="simple" />
            <root url="file:///Library/Frameworks/Python.framework/Versions/3.6/lib/python3.6/site-packages" type="simple" />
            <root url="file://$USER_HOME$/Library/Caches/PyCharm2019.3/python_stubs/-1199943127" type="simple" />
            <root url="file://$APPLICATION_HOME_DIR$/plugins/python/helpers/python-skeletons" type="simple" />
            <root url="file://$APPLICATION_HOME_DIR$/plugins/python/helpers/typeshed/stdlib/3" type="simple" />
            <root url="file://$APPLICATION_HOME_DIR$/plugins/python/helpers/typeshed/stdlib/2and3" type="simple" />
            <root url="file://$APPLICATION_HOME_DIR$/plugins/python/helpers/typeshed/third_party/3" type="simple" />
            <root url="file://$APPLICATION_HOME_DIR$/plugins/python/helpers/typeshed/third_party/2and3" type="simple" />
          </root>
        </classPath>
        <sourcePath>
          <root type="composite" />
        </sourcePath>
      </roots>
      <additional />
    </jdk>
  </component>
</application>