<application>
  <component name="FileTypeManager" version="18">
    <extensionMap>
      <mapping pattern="LICENSE" type="PLAIN_TEXT" />
      <mapping pattern="in" type="PLAIN_TEXT" />
      <mapping ext="lock" type="PLAIN_TEXT" />
      <mapping ext="1" type="PLAIN_TEXT" />
      <mapping ext="sum" type="PLAIN_TEXT" />
      <mapping ext="local" type="PLAIN_TEXT" />
      <mapping ext="out" type="PLAIN_TEXT" />
      <mapping ext="prod" type="PLAIN_TEXT" />
      <mapping ext="gocv" type="PLAIN_TEXT" />
      <mapping ext="data" type="PLAIN_TEXT" />
      <mapping ext="ogg" type="PLAIN_TEXT" />
      <mapping ext="pprof" type="PLAIN_TEXT" />
      <mapping ext="mysql" type="PLAIN_TEXT" />
      <mapping ext="test" type="PLAIN_TEXT" />
      <mapping ext="vips" type="PLAIN_TEXT" />
      <mapping ext="cypher" type="PLAIN_TEXT" />
      <removed_mapping ext="bat" approved="true" type="PLAIN_TEXT" />
      <removed_mapping ext="cmd" approved="true" type="PLAIN_TEXT" />
      <removed_mapping ext="conf" approved="true" type="PLAIN_TEXT" />
      <removed_mapping ext="cypher" approved="true" type="Cypher" />
      <removed_mapping ext="dockerfile" approved="true" type="textmate" />
      <removed_mapping ext="log" approved="true" type="PLAIN_TEXT" />
      <removed_mapping ext="makefile" approved="true" type="textmate" />
      <removed_mapping ext="php" approved="true" type="PLAIN_TEXT" />
      <removed_mapping ext="snakefile" approved="true" type="textmate" />
      <removed_mapping ext="toml" approved="true" type="PLAIN_TEXT" />
    </extensionMap>
  </component>
</application>