<application>
  <component name="FindSettings">
    <option name="customScope" value="All Places" />
    <option name="defaultScopeName" value="All Places" />
    <option name="SEARCH_SCOPE" value="All Places" />
    <mask>*.properties</mask>
    <mask>*.jsp</mask>
    <mask>*.java</mask>
    <mask>*.js</mask>
    <mask>*.as</mask>
    <mask>*.mxml</mask>
    <mask>*</mask>
    <mask>*.*AddIdentity</mask>
    <mask>*test.go</mask>
    <mask>*.pb.go</mask>
    <mask>*_test.go</mask>
    <mask>*.sql</mask>
    <mask>*.yaml</mask>
    <mask>*.*</mask>
    <mask>*.proto</mask>
    <mask>*.css</mask>
    <mask>*.html</mask>
    <mask>*.xml</mask>
    <mask>*.go2</mask>
    <mask>*.go</mask>
    <mask>*bonus*.go</mask>
  </component>
</application>