<application>
  <component name="ProjectManager">
    <defaultProject>
      <component name="Encoding">
        <file url="PROJECT" charset="UTF-8" />
      </component>
      <component name="PhpWorkspaceProjectConfiguration" backward_compatibility_performed="true" />
      <component name="PropertiesComponent">
        <property name="nodejs_interpreter_path.stuck_in_default_project" value="undefined stuck path" />
        <property name="nodejs_npm_path_reset_for_default_project" value="true" />
        <property name="settings.editor.selected.configurable" value="configurable.group.appearance" />
        <property name="settings.editor.splitter.proportion" value="0.2" />
      </component>
      <component name="ThriftCompiler">
        <compilers />
      </component>
      <component name="WindowStateProjectService">
        <state x="322" y="74" key="#SSH_Configurations" timestamp="1695368195378">
          <screen x="37" y="25" width="1403" height="875" />
        </state>
        <state x="322" y="74" key="#SSH_Configurations/37.25.1403.875" timestamp="1695368195378" />
      </component>
    </defaultProject>
  </component>
</application>