<keymap version="1" name="macOS copy" parent="Mac OS X 10.5+">
  <action id="Annotate">
    <keyboard-shortcut first-keystroke="alt b" />
  </action>
  <action id="Arrangement.Alias.Rule.Match.Condition.Move.Up" />
  <action id="Arrangement.Rule.Add">
    <keyboard-shortcut first-keystroke="meta n" />
  </action>
  <action id="Arrangement.Rule.Match.Condition.Move.Down" />
  <action id="Arrangement.Rule.Match.Condition.Move.Up" />
  <action id="ChangesView.GroupBy.Module" />
  <action id="ChoosePrevSubsequentPropertyValueEditorAction" />
  <action id="CloseAllEditors">
    <keyboard-shortcut first-keystroke="shift ctrl w" />
  </action>
  <action id="CloseAllEditorsButActive">
    <keyboard-shortcut first-keystroke="alt w" />
  </action>
  <action id="Console.TableResult.SelectRow" />
  <action id="Debug" />
  <action id="EditorDeleteLine">
    <keyboard-shortcut first-keystroke="meta back_space" />
    <keyboard-shortcut first-keystroke="ctrl d" />
  </action>
  <action id="EditorLookupDown" />
  <action id="EditorLookupUp" />
  <action id="EditorMatchBrace" />
  <action id="EditorSelectWord" />
  <action id="EditorToggleCase">
    <keyboard-shortcut first-keystroke="shift meta u" />
    <keyboard-shortcut first-keystroke="alt down" />
    <keyboard-shortcut first-keystroke="alt up" />
  </action>
  <action id="EditorUnSelectWord" />
  <action id="Find">
    <keyboard-shortcut first-keystroke="meta f" />
    <keyboard-shortcut first-keystroke="shift space" />
  </action>
  <action id="Generate">
    <keyboard-shortcut first-keystroke="meta n" />
  </action>
  <action id="GotoDeclaration">
    <keyboard-shortcut first-keystroke="meta b" />
    <mouse-shortcut keystroke="meta button1" />
    <mouse-shortcut keystroke="Force touch" />
    <mouse-shortcut keystroke="button2" />
    <keyboard-shortcut first-keystroke="ctrl enter" />
  </action>
  <action id="GotoTest" />
  <action id="GuiDesigner.ExpandSelection" />
  <action id="MethodDown" />
  <action id="MethodOverloadSwitchDown" />
  <action id="MethodOverloadSwitchUp" />
  <action id="MethodUp" />
  <action id="NewElement">
    <keyboard-shortcut first-keystroke="meta n" />
  </action>
  <action id="RemoteHost.NewRemoteItem">
    <keyboard-shortcut first-keystroke="meta n" />
  </action>
  <action id="ReopenClosedTab">
    <keyboard-shortcut first-keystroke="shift meta t" />
  </action>
  <action id="ResourceExplorer.show" />
  <action id="ServiceView.ShowServices" />
  <action id="ShowBookmarks">
    <keyboard-shortcut first-keystroke="meta f3" />
    <keyboard-shortcut first-keystroke="shift ctrl m" />
  </action>
  <action id="ShowContent" />
  <action id="ShowSearchHistory" />
  <action id="SmartSelect" />
  <action id="SplitHorizontally">
    <keyboard-shortcut first-keystroke="shift meta alt 2" />
  </action>
  <action id="SplitVertically">
    <keyboard-shortcut first-keystroke="meta alt 2" />
  </action>
  <action id="TableResult.GrowSelection" />
  <action id="TodoViewGroupByShowModules" />
  <action id="ToggleBookmarkWithMnemonic">
    <keyboard-shortcut first-keystroke="alt f3" />
    <keyboard-shortcut first-keystroke="ctrl m" />
  </action>
  <action id="UnsplitAll">
    <keyboard-shortcut first-keystroke="meta alt 1" />
  </action>
  <action id="UsageGrouping.DirectoryStructure" />
  <action id="UsageGrouping.Module" />
  <action id="UsageView.ShowRecentFindUsages" />
  <action id="Vcs.ShowMessageHistory">
    <keyboard-shortcut first-keystroke="meta e" />
  </action>
</keymap>