<?xml version="1.0" encoding="UTF-8"?>
<scheme name="BlueHippo" version="1" parent_scheme="Default">
	<option name="LINE_SPACING" value="1.0" />
	<option name="EDITOR_FONT_SIZE" value="12" />
	<option name="EDITOR_FONT_NAME" value="Menlo" />
	<colors>
		<option name="CONSOLE_BACKGROUND_KEY" value="FFFFFF" />
		<option name="METHOD_SEPARATORS_COLOR" value="B0C4DE" />
		<option name="SELECTED_TEARLINE_COLOR" value="87CEEB" />
		<option name="TEARLINE_COLOR" value="B0C4DE" />
		<option name="GUTTER_BACKGROUND" value="FFFFFF" />
		<option name="LINE_NUMBERS_COLOR" value="708090" />
		<option name="SELECTED_INDENT_GUIDE" value="FFFFFF" />
		<option name="INDENT_GUIDE" value="87CEEB" />
		<option name="CARET_ROW_COLOR" value="B0C4DE" />
		<option name="SELECTION_FOREGROUND" value="FFFFFF" />
		<option name="SELECTION_BACKGROUND" value="87CEEB" />
	</colors>
	<attributes>
		<option name="METHOD_DECLARATION_ATTRIBUTES">
			<value>
				<option name="FONT_TYPE" value="2" />
				<option name="FOREGROUND" value="CD5C5C" />
			</value>
		</option>
		<option name="STATIC_METHOD_ATTRIBUTES">
			<value>
				<option name="FONT_TYPE" value="2" />
				<option name="FOREGROUND" value="FF7F50" />
			</value>
		</option>
		<option name="ANNOTATION_NAME_ATTRIBUTES">
			<value>
				<option name="FONT_TYPE" value="3" />
				<option name="FOREGROUND" value="4169E1" />
				<option name="EFFECT_TYPE" value="1" />
				<option name="EFFECT_COLOR" value="4169E1" />
			</value>
		</option>
		<option name="PARAMETER_ATTRIBUTES">
			<value>
				<option name="FONT_TYPE" value="2" />
				<option name="FOREGROUND" value="6495ED" />
				<option name="EFFECT_TYPE" value="1" />
				<option name="EFFECT_COLOR" value="6495ED" />
			</value>
		</option>
		<option name="STATIC_FIELD_ATTRIBUTES">
			<value>
				<option name="FONT_TYPE" value="2" />
				<option name="FOREGROUND" value="FFA500" />
				<option name="EFFECT_TYPE" value="1" />
				<option name="EFFECT_COLOR" value="FFA500" />
			</value>
		</option>
		<option name="INSTANCE_FIELD_ATTRIBUTES">
			<value>
				<option name="FONT_TYPE" value="2" />
				<option name="FOREGROUND" value="D87093" />
				<option name="EFFECT_TYPE" value="1" />
				<option name="EFFECT_COLOR" value="D87093" />
			</value>
		</option>
		<option name="IMPLICIT_ANONYMOUS_CLASS_PARAMETER_ATTRIBUTES">
			<value>
				<option name="FONT_TYPE" value="2" />
				<option name="FOREGROUND" value="B22222" />
			</value>
		</option>
		<option name="ENUM_NAME_ATTRIBUTES">
			<value>
				<option name="FONT_TYPE" value="2" />
				<option name="FOREGROUND" value="B22222" />
			</value>
		</option>
		<option name="INTERFACE_NAME_ATTRIBUTES">
			<value>
				<option name="FONT_TYPE" value="2" />
				<option name="FOREGROUND" value="B22222" />
			</value>
		</option>
		<option name="ABSTRACT_CLASS_NAME_ATTRIBUTES">
			<value>
				<option name="FONT_TYPE" value="3" />
				<option name="FOREGROUND" value="CC0866" />
				<option name="EFFECT_TYPE" value="1" />
				<option name="EFFECT_COLOR" value="CC0866" />
			</value>
		</option>
		<option name="TYPE_PARAMETER_NAME_ATTRIBUTES">
			<value>
				<option name="FONT_TYPE" value="2" />
				<option name="FOREGROUND" value="6495ED" />
				<option name="EFFECT_TYPE" value="1" />
				<option name="EFFECT_COLOR" value="6495ED" />
			</value>
		</option>
		<option name="ANONYMOUS_CLASS_NAME_ATTRIBUTES">
			<value>
				<option name="FONT_TYPE" value="3" />
				<option name="FOREGROUND" value="CC0866" />
				<option name="EFFECT_TYPE" value="1" />
				<option name="EFFECT_COLOR" value="CC0866" />
			</value>
		</option>
		<option name="CLASS_NAME_ATTRIBUTES">
			<value>
				<option name="FONT_TYPE" value="3" />
				<option name="FOREGROUND" value="CC0866" />
				<option name="EFFECT_TYPE" value="1" />
				<option name="EFFECT_COLOR" value="CC0866" />
			</value>
		</option>
		<option name="DOC_COMMENT_TAG_VALUE">
			<value>
				<option name="FONT_TYPE" value="3" />
				<option name="FOREGROUND" value="4169E1" />
				<option name="EFFECT_TYPE" value="1" />
				<option name="EFFECT_COLOR" value="4169E1" />
			</value>
		</option>
		<option name="CUSTOM_INVALID_STRING_ESCAPE_ATTRIBUTES">
			<value>
				<option name="FONT_TYPE" value="2" />
				<option name="FOREGROUND" value="000000" />
				<option name="EFFECT_TYPE" value="1" />
				<option name="EFFECT_COLOR" value="000000" />
			</value>
		</option>
		<option name="CUSTOM_VALID_STRING_ESCAPE_ATTRIBUTES">
			<value>
				<option name="FONT_TYPE" value="2" />
				<option name="FOREGROUND" value="008080" />
			</value>
		</option>
		<option name="CUSTOM_MULTI_LINE_COMMENT_ATTRIBUTES">
			<value>
				<option name="FONT_TYPE" value="2" />
				<option name="FOREGROUND" value="696969" />
			</value>
		</option>
		<option name="CUSTOM_LINE_COMMENT_ATTRIBUTES">
			<value>
				<option name="FONT_TYPE" value="2" />
				<option name="FOREGROUND" value="696969" />
			</value>
		</option>
		<option name="CUSTOM_STRING_ATTRIBUTES">
			<value>
				<option name="FONT_TYPE" value="2" />
				<option name="FOREGROUND" value="C71585" />
			</value>
		</option>
		<option name="CUSTOM_NUMBER_ATTRIBUTES">
			<value>
				<option name="FONT_TYPE" value="2" />
				<option name="FOREGROUND" value="008080" />
			</value>
		</option>
		<option name="CUSTOM_KEYWORD4_ATTRIBUTES">
			<value>
				<option name="FONT_TYPE" value="3" />
				<option name="FOREGROUND" value="1E90FF" />
			</value>
		</option>
		<option name="CUSTOM_KEYWORD3_ATTRIBUTES">
			<value>
				<option name="FONT_TYPE" value="3" />
				<option name="FOREGROUND" value="1E90FF" />
			</value>
		</option>
		<option name="CUSTOM_KEYWORD2_ATTRIBUTES">
			<value>
				<option name="FONT_TYPE" value="3" />
				<option name="FOREGROUND" value="1E90FF" />
			</value>
		</option>
		<option name="CUSTOM_KEYWORD1_ATTRIBUTES">
			<value>
				<option name="FONT_TYPE" value="3" />
				<option name="FOREGROUND" value="1E90FF" />
			</value>
		</option>
		<option name="LOG_EXPIRED_ENTRY">
			<value>
				<option name="FONT_TYPE" value="2" />
				<option name="FOREGROUND" value="696969" />
			</value>
		</option>
		<option name="LOG_WARNING_OUTPUT">
			<value>
				<option name="FONT_TYPE" value="3" />
				<option name="FOREGROUND" value="D87093" />
				<option name="EFFECT_TYPE" value="1" />
				<option name="EFFECT_COLOR" value="D87093" />
			</value>
		</option>
		<option name="LOG_ERROR_OUTPUT">
			<value>
				<option name="FONT_TYPE" value="3" />
				<option name="FOREGROUND" value="1E90FF" />
			</value>
		</option>
		<option name="CONSOLE_SYSTEM_OUTPUT">
			<value>
				<option name="FONT_TYPE" value="2" />
				<option name="FOREGROUND" value="008080" />
			</value>
		</option>
		<option name="CONSOLE_USER_INPUT">
			<value>
				<option name="FONT_TYPE" value="2" />
				<option name="FOREGROUND" value="696969" />
			</value>
		</option>
		<option name="CONSOLE_ERROR_OUTPUT">
			<value>
				<option name="FONT_TYPE" value="2" />
				<option name="FOREGROUND" value="C71585" />
			</value>
		</option>
		<option name="CONSOLE_NORMAL_OUTPUT">
			<value>
				<option name="FOREGROUND" value="000000" />
				<option name="BACKGROUND" value="FFFFFF" />
			</value>
		</option>
		<option name="DEFAULT_TEMPLATE_LANGUAGE_COLOR">
			<value>
				<option name="FOREGROUND" value="000000" />
			</value>
		</option>
		<option name="DEFAULT_ENTITY">
			<value>
				<option name="FONT_TYPE" value="2" />
				<option name="FOREGROUND" value="008080" />
			</value>
		</option>
		<option name="DEFAULT_ATTRIBUTE">
			<value>
				<option name="FONT_TYPE" value="2" />
				<option name="FOREGROUND" value="6495ED" />
				<option name="EFFECT_TYPE" value="1" />
				<option name="EFFECT_COLOR" value="6495ED" />
			</value>
		</option>
		<option name="DEFAULT_TAG">
			<value>
				<option name="FONT_TYPE" value="2" />
				<option name="FOREGROUND" value="000000" />
			</value>
		</option>
		<option name="DEFAULT_STATIC_FIELD">
			<value>
				<option name="FONT_TYPE" value="2" />
				<option name="FOREGROUND" value="FFA500" />
				<option name="EFFECT_TYPE" value="1" />
				<option name="EFFECT_COLOR" value="FFA500" />
			</value>
		</option>
		<option name="DEFAULT_STATIC_METHOD">
			<value>
				<option name="FONT_TYPE" value="3" />
				<option name="FOREGROUND" value="FFA500" />
				<option name="EFFECT_TYPE" value="1" />
				<option name="EFFECT_COLOR" value="FFA500" />
			</value>
		</option>
		<option name="DEFAULT_INSTANCE_FIELD">
			<value>
				<option name="FONT_TYPE" value="2" />
				<option name="FOREGROUND" value="D87093" />
				<option name="EFFECT_TYPE" value="1" />
				<option name="EFFECT_COLOR" value="D87093" />
			</value>
		</option>
		<option name="DEFAULT_INSTANCE_METHOD">
			<value>
				<option name="FONT_TYPE" value="2" />
				<option name="FOREGROUND" value="CD5C5C" />
			</value>
		</option>
		<option name="DEFAULT_CLASS_REFERENCE">
			<value>
				<option name="FONT_TYPE" value="3" />
				<option name="FOREGROUND" value="CC0866" />
				<option name="EFFECT_TYPE" value="1" />
				<option name="EFFECT_COLOR" value="CC0866" />
			</value>
		</option>
		<option name="DEFAULT_CLASS_NAME">
			<value>
				<option name="FONT_TYPE" value="3" />
				<option name="FOREGROUND" value="CC0866" />
				<option name="EFFECT_TYPE" value="1" />
				<option name="EFFECT_COLOR" value="CC0866" />
			</value>
		</option>
		<option name="DEFAULT_METADATA">
			<value>
				<option name="FONT_TYPE" value="3" />
				<option name="FOREGROUND" value="A020F0" />
				<option name="EFFECT_TYPE" value="1" />
				<option name="EFFECT_COLOR" value="A020F0" />
			</value>
		</option>
		<option name="DEFAULT_INTERFACE_NAME">
			<value>
				<option name="FONT_TYPE" value="2" />
				<option name="FOREGROUND" value="B22222" />
			</value>
		</option>
		<option name="DEFAULT_PARAMETER">
			<value>
				<option name="FONT_TYPE" value="2" />
				<option name="FOREGROUND" value="6495ED" />
				<option name="EFFECT_TYPE" value="1" />
				<option name="EFFECT_COLOR" value="6495ED" />
			</value>
		</option>
		<option name="DEFAULT_FUNCTION_CALL">
			<value>
				<option name="FONT_TYPE" value="2" />
				<option name="FOREGROUND" value="CD5C5C" />
			</value>
		</option>
		<option name="DEFAULT_FUNCTION_DECLARATION">
			<value>
				<option name="FONT_TYPE" value="3" />
				<option name="FOREGROUND" value="20B2AA" />
				<option name="EFFECT_TYPE" value="1" />
				<option name="EFFECT_COLOR" value="20B2AA" />
			</value>
		</option>
		<option name="DEFAULT_GLOBAL_VARIABLE">
			<value>
				<option name="FONT_TYPE" value="3" />
				<option name="FOREGROUND" value="D87093" />
				<option name="EFFECT_TYPE" value="1" />
				<option name="EFFECT_COLOR" value="D87093" />
			</value>
		</option>
		<option name="DEFAULT_LOCAL_VARIABLE">
			<value>
				<option name="FONT_TYPE" value="3" />
				<option name="FOREGROUND" value="D87093" />
				<option name="EFFECT_TYPE" value="1" />
				<option name="EFFECT_COLOR" value="D87093" />
			</value>
		</option>
		<option name="DEFAULT_PREDEFINED_SYMBOL">
			<value>
				<option name="FONT_TYPE" value="2" />
				<option name="FOREGROUND" value="008B8B" />
				<option name="EFFECT_TYPE" value="1" />
				<option name="EFFECT_COLOR" value="008B8B" />
			</value>
		</option>
		<option name="DEFAULT_CONSTANT">
			<value>
				<option name="FONT_TYPE" value="2" />
				<option name="FOREGROUND" value="FFA500" />
				<option name="EFFECT_TYPE" value="1" />
				<option name="EFFECT_COLOR" value="FFA500" />
			</value>
		</option>
		<option name="DEFAULT_LABEL">
			<value>
				<option name="FONT_TYPE" value="2" />
				<option name="FOREGROUND" value="6495ED" />
				<option name="EFFECT_TYPE" value="1" />
				<option name="EFFECT_COLOR" value="6495ED" />
			</value>
		</option>
		<option name="DEFAULT_DOC_COMMENT_TAG">
			<value>
				<option name="FONT_TYPE" value="2" />
				<option name="FOREGROUND" value="FF7F50" />
			</value>
		</option>
		<option name="DEFAULT_DOC_MARKUP">
			<value>
				<option name="FONT_TYPE" value="3" />
				<option name="FOREGROUND" value="4169E1" />
				<option name="EFFECT_TYPE" value="1" />
				<option name="EFFECT_COLOR" value="4169E1" />
			</value>
		</option>
		<option name="DEFAULT_DOC_COMMENT">
			<value>
				<option name="FONT_TYPE" value="2" />
				<option name="FOREGROUND" value="2E8B57" />
			</value>
		</option>
		<option name="Block comment">
			<value>
				<option name="FONT_TYPE" value="2" />
				<option name="FOREGROUND" value="696969" />
			</value>
		</option>
		<option name="DEFAULT_LINE_COMMENT">
			<value>
				<option name="FONT_TYPE" value="2" />
				<option name="FOREGROUND" value="696969" />
			</value>
		</option>
		<option name="DEFAULT_SEMICOLON">
			<value>
				<option name="FONT_TYPE" value="2" />
				<option name="FOREGROUND" value="708090" />
			</value>
		</option>
		<option name="DEFAULT_COMMA">
			<value>
				<option name="FONT_TYPE" value="2" />
				<option name="FOREGROUND" value="708090" />
			</value>
		</option>
		<option name="DEFAULT_DOT">
			<value>
				<option name="FONT_TYPE" value="2" />
				<option name="FOREGROUND" value="708090" />
			</value>
		</option>
		<option name="DEFAULT_BRACKETS">
			<value>
				<option name="FONT_TYPE" value="2" />
				<option name="FOREGROUND" value="000000" />
			</value>
		</option>
		<option name="DEFAULT_PARENTHS">
			<value>
				<option name="FONT_TYPE" value="2" />
				<option name="FOREGROUND" value="000000" />
			</value>
		</option>
		<option name="DEFAULT_BRACES">
			<value>
				<option name="FONT_TYPE" value="2" />
				<option name="FOREGROUND" value="000000" />
			</value>
		</option>
		<option name="DEFAULT_OPERATION_SIGN">
			<value>
				<option name="FONT_TYPE" value="2" />
				<option name="FOREGROUND" value="708090" />
			</value>
		</option>
		<option name="DEFAULT_NUMBER">
			<value>
				<option name="FONT_TYPE" value="2" />
				<option name="FOREGROUND" value="008080" />
			</value>
		</option>
		<option name="DEFAULT_INVALID_STRING_ESCAPE">
			<value>
				<option name="FONT_TYPE" value="2" />
				<option name="FOREGROUND" value="000000" />
				<option name="EFFECT_TYPE" value="1" />
				<option name="EFFECT_COLOR" value="000000" />
			</value>
		</option>
		<option name="DEFAULT_VALID_STRING_ESCAPE">
			<value>
				<option name="FONT_TYPE" value="2" />
				<option name="FOREGROUND" value="008080" />
			</value>
		</option>
		<option name="DEFAULT_STRING">
			<value>
				<option name="FONT_TYPE" value="2" />
				<option name="FOREGROUND" value="C71585" />
			</value>
		</option>
		<option name="DEFAULT_IDENTIFIER">
			<value>
				<option name="FOREGROUND" value="000000" />
			</value>
		</option>
		<option name="DEFAULT_KEYWORD">
			<value>
				<option name="FONT_TYPE" value="3" />
				<option name="FOREGROUND" value="1E90FF" />
			</value>
		</option>
		<option name="BAD_CHARACTER">
			<value>
				<option name="FONT_TYPE" value="2" />
				<option name="FOREGROUND" value="000000" />
				<option name="EFFECT_TYPE" value="1" />
				<option name="EFFECT_COLOR" value="000000" />
			</value>
		</option>
		<option name="DEPRECATED_ATTRIBUTES">
			<value>
				<option name="FONT_TYPE" value="2" />
				<option name="FOREGROUND" value="000000" />
				<option name="EFFECT_TYPE" value="1" />
				<option name="EFFECT_COLOR" value="000000" />
			</value>
		</option>
		<option name="INJECTED_LANGUAGE_FRAGMENT">
			<value>
				<option name="FOREGROUND" value="000000" />
			</value>
		</option>
		<option name="TEMPLATE_VARIABLE_ATTRIBUTES">
			<value>
				<option name="FOREGROUND" value="000000" />
			</value>
		</option>
		<option name="TEXT_SEARCH_RESULT_ATTRIBUTES">
			<value>
				<option name="BACKGROUND" value="FFB6C1" />
				<option name="ERROR_STRIPE_COLOR" value="FFB6C1" />
			</value>
		</option>
		<option name="WRITE_IDENTIFIER_UNDER_CARET_ATTRIBUTES">
			<value>
				<option name="BACKGROUND" value="FFB6C1" />
				<option name="ERROR_STRIPE_COLOR" value="FFB6C1" />
			</value>
		</option>
		<option name="IDENTIFIER_UNDER_CARET_ATTRIBUTES">
			<value>
				<option name="BACKGROUND" value="FFB6C1" />
				<option name="ERROR_STRIPE_COLOR" value="FFB6C1" />
			</value>
		</option>
		<option name="WRITE_SEARCH_RESULT_ATTRIBUTES">
			<value>
				<option name="BACKGROUND" value="FFB6C1" />
				<option name="ERROR_STRIPE_COLOR" value="FFB6C1" />
			</value>
		</option>
		<option name="SEARCH_RESULT_ATTRIBUTES">
			<value>
				<option name="BACKGROUND" value="FFB6C1" />
				<option name="ERROR_STRIPE_COLOR" value="FFB6C1" />
			</value>
		</option>
		<option name="DELETED_TEXT_ATTRIBUTES">
			<value>
				<option name="FOREGROUND" value="FFFFFF" />
				<option name="BACKGROUND" value="000000" />
			</value>
		</option>
		<option name="FOLDED_TEXT_ATTRIBUTES">
			<value>
				<option name="FOREGROUND" value="FFFFFF" />
				<option name="BACKGROUND" value="87CEEB" />
			</value>
		</option>
		<option name="TEXT">
			<value>
				<option name="FOREGROUND" value="000000" />
				<option name="BACKGROUND" value="FFFFFF" />
			</value>
		</option>
	</attributes>
</scheme>