<application>
  <component name="RemoteServers">
    <remote-server name="DockerAppOrderWorker" type="docker">
      <configuration>
        <option name="apiUrl" value="unix:///var/run/docker.sock" />
        <option name="certificatesPath" />
        <option name="pathMappings">
          <list>
            <DockerPathMappingImpl>
              <option name="localPath" value="$USER_HOME$/web/kovpak/no/src/git.nuorder.com/web/appserver/order-service" />
              <option name="virtualMachinePath" value="/app" />
            </DockerPathMappingImpl>
          </list>
        </option>
      </configuration>
    </remote-server>
  </component>
</application>