<application>
  <component name="SshConfigs">
    <configs>
      <sshConfig connectionConfig="{&quot;serverAliveInterval&quot;:300}" host="h131.vm2.unisender.com" id="e012647b-cf8f-4e83-831a-c1c960e6ace3" keyPath="$USER_HOME$/.ssh/id_rsa" port="22" customName="mh-hg-vi" nameFormat="CUSTOM">
        <option name="customName" value="mh-hg-vi" />
      </sshConfig>
      <sshConfig connectionConfig="{&quot;serverAliveInterval&quot;:300}" host="h131.vm2.unisender.com" id="6985cfd0-957f-4b0b-80f3-91738c412d7c" keyPath="$USER_HOME$/.ssh/id_rsa" port="22" customName="mh-hg-vi" nameFormat="CUSTOM" username="root">
        <option name="customName" value="mh-hg-vi" />
      </sshConfig>
    </configs>
  </component>
</application>