<application>
  <component name="WebServers">
    <option name="servers">
      <webServer id="05e6b0ee-2ead-4083-90ee-7dc5869a9aee" name="phpug" url="http://localhost">
        <fileTransfer accessType="LOCAL" />
      </webServer>
      <webServer id="749b4922-c951-49ec-8493-b7e49a1c81b4" name="mh-hg-vi" url="http://h131.vm2.unisender.com">
        <fileTransfer accessType="SFTP" host="h131.vm2.unisender.com" port="22" sshConfigId="e012647b-cf8f-4e83-831a-c1c960e6ace3" sshConfig="mh-hg-vi" keyPair="true" username="root" passphrase="df9adf9adf9adf9adfdbdfdddfcfdfd8">
          <advancedOptions>
            <advancedOptions dataProtectionLevel="Private" />
          </advancedOptions>
        </fileTransfer>
      </webServer>
    </option>
  </component>
</application>