{
    "_version_": 1579993737316008000,
    "affiliate_link": "http://goto.target.com/c/75786/201333/2092?prodsku=52124058&u=https%3A%2F%2Fwww.target.com%2Fp%2Fwomen-s-harper-canvas-crossband-sandals-who-what-wear-153-white-7%2F-%2FA-52124058",
    "brand_id": 15897,
    "brand_name": "Who What Wear",
    "brand_slug": "who-what-wear",
    "catalog_ids": [
        "base",
        "web",
        "app"
    ],
    "category_id": 108,
    "category_ids": [
        1,
        15,
        108
    ],
    "category_mlt": "108sandals",
    "category_name": "Sandals",
    "category_names": [
        "Fashion",
        "Shoes",
        "Sandals"
    ],
    "category_slug": "fashion--shoes--sandals",
    "color_1": "29.0417361099,3.95263285368,7.55374184599,0.188488888889",
    "color_2": "66.0796272707,3.71596166352,6.01635731489,0.180866666667",
    "color_3": "12.9487443715,7.89709764603,10.5605016851,0.0273",
    "color_slugs": [
        "brown",
        "red"
    ],
    "currency": "USD",
    "date_created": "2017-05-16T23:58:04.885Z",
    "date_indexed": "2017-09-30T19:24:07.361Z",
    "date_inventory_verified": "2017-09-30T19:14:59Z",
    "date_modified": "2017-09-30T11:35:49.657Z",
    "description": "Find Sandals at Target.com! The Harper won\u2019t lead any of your outfits astray. The chic block heel and crossover detail make these slingback slides the perfect combination of comfort and style. Size: 7. Color: White. Gender: Female. Age Group: Adult. Pattern: Jacquard. Material: Canvas.",
    "featured": {
        "collections": {
            "featured": [
                "who-what-wear-shoe-collection-at-target",
                "who-what-wear-target-collection",
                "who-what-wear-accessories"
            ],
            "query": [
                "who-what-wear-shoe-collection-at-target",
                "who-what-wear-target-collection"
            ]
        }
    },
    "flags": [
        {
            "name": "Size Shoes 9.5",
            "slug": "size-shoes-9-5"
        },
        {
            "name": "Size Shoes 9",
            "slug": "size-shoes-9"
        },
        {
            "name": "Size Shoes 8",
            "slug": "size-shoes-8"
        },
        {
            "name": "Size Shoes 7",
            "slug": "size-shoes-7"
        },
        {
            "name": "Size Shoes 6",
            "slug": "size-shoes-6"
        },
        {
            "name": "Size Shoes 7.5",
            "slug": "size-shoes-7-5"
        },
        {
            "name": "Size Shoes 10",
            "slug": "size-shoes-10"
        },
        {
            "name": "Size Shoes 6.5",
            "slug": "size-shoes-6-5"
        },
        {
            "name": "Size Shoes 8.5",
            "slug": "size-shoes-8-5"
        }
    ],
    "gender": "f",
    "id": "mBbNr3",
    "in_stock": true,
    "is_active": true,
    "is_featured": true,
    "is_whitelisted": true,
    "materials": [],
    "micro_categories": [
        "Under 100"
    ],
    "minified_url": "www.target.com/p/-/-/A-52124058",
    "name": "Harper Canvas Crossband Sandals",
    "num_featured": 3,
    "occasions": [],
    "on_sale": false,
    "on_sale_bury": false,
    "price": 34.99,
    "primary_image": {
        "assets": {
            "l": [
                1080,
                1080
            ],
            "m": [
                720,
                720
            ],
            "s": [
                480,
                480
            ],
            "xs": [
                300,
                300
            ]
        },
        "key": "BJPepAU8tk",
        "palette": {
            "bgcolor": null,
            "colors": [
                [
                    [
                        79,
                        66,
                        57
                    ],
                    0.1884888888888889
                ],
                [
                    [
                        172,
                        158,
                        150
                    ],
                    0.18086666666666668
                ],
                [
                    [
                        48,
                        29,
                        19
                    ],
                    0.0273
                ]
            ]
        },
        "path": "mined-data-prod/product",
        "weight": "bottom"
    },
    "prints": [],
    "product_url": "https://www.target.com/p/women-s-harper-canvas-crossband-sandals-who-what-wear-153-white-7/-/A-52124058",
    "raw_category_mapped_category_id": 15,
    "raw_category_mapped_category_ids": [
        1,
        15
    ],
    "raw_category_term": "apparel and accessories > shoes",
    "retail_price": 34.99,
    "secondary_images": [
        {
            "assets": {
                "l": [
                    1080,
                    1080
                ],
                "m": [
                    720,
                    720
                ],
                "s": [
                    480,
                    480
                ],
                "xs": [
                    300,
                    300
                ]
            },
            "key": "XwnxXqhO",
            "path": "mined-data-prod/product"
        },
        {
            "assets": {
                "l": [
                    1080,
                    1080
                ],
                "m": [
                    720,
                    720
                ],
                "s": [
                    480,
                    480
                ],
                "xs": [
                    300,
                    300
                ]
            },
            "key": "qAzEqvtA",
            "path": "mined-data-prod/product"
        },
        {
            "assets": {
                "l": [
                    1080,
                    1080
                ],
                "m": [
                    720,
                    720
                ],
                "s": [
                    480,
                    480
                ],
                "xs": [
                    300,
                    300
                ]
            },
            "key": "NjApOGI9",
            "path": "mined-data-prod/product"
        },
        {
            "assets": {
                "l": [
                    1080,
                    1080
                ],
                "m": [
                    720,
                    720
                ],
                "s": [
                    480,
                    480
                ],
                "xs": [
                    300,
                    300
                ]
            },
            "key": "gNJoklcP",
            "path": "mined-data-prod/product"
        },
        {
            "assets": {
                "l": [
                    1080,
                    1080
                ],
                "m": [
                    720,
                    720
                ],
                "s": [
                    480,
                    480
                ],
                "xs": [
                    300,
                    300
                ]
            },
            "key": "ZpjVNgc7",
            "path": "mined-data-prod/product"
        }
    ],
    "source": "target",
    "store_id": 189,
    "store_name": "Target",
    "store_slug": "target",
    "stripped_name": "Harper Canvas Crossband",
    "stripped_raw_category_term": "shoes",
    "styles": [],
    "vertical_ids": [
        1
    ]
}