<application>
  <component name="NodeJsLocalInterpreterManager">
    <local-interpreter path="/usr/local/Cellar/node/17.7.1/bin/node">
      <version-cache version="17.7.1" last-modified="1647009692812" />
    </local-interpreter>
    <local-interpreter path="/usr/local/bin/node">
      <version-cache version="18.11.0" last-modified="1666684500411" />
    </local-interpreter>
    <local-interpreter path="/usr/local/Cellar/node/17.0.1/bin/node">
      <version-cache last-modified="0" />
    </local-interpreter>
    <local-interpreter path="/usr/local/Cellar/node/16.2.0/bin/node">
      <version-cache last-modified="0" />
    </local-interpreter>
  </component>
</application>