<profile version="1.0">
  <option name="myName" value="Default" />
  <inspection_tool class="PyPackageRequirementsInspection" enabled="true" level="WARNING" enabled_by_default="true">
    <option name="ignoredPackages">
      <value>
        <list size="5">
          <item index="0" class="java.lang.String" itemvalue="cvcommons" />
          <item index="1" class="java.lang.String" itemvalue="sz_transcoder" />
          <item index="2" class="java.lang.String" itemvalue="roxolana_client" />
          <item index="3" class="java.lang.String" itemvalue="edge-common" />
          <item index="4" class="java.lang.String" itemvalue="numpy" />
        </list>
      </value>
    </option>
  </inspection_tool>
</profile>