<profile version="1.0">
  <option name="myName" value="Default" />
  <inspection_tool class="Eslint" enabled="true" level="WARNING" enabled_by_default="true" />
  <inspection_tool class="PyPackageRequirementsInspection" enabled="true" level="WARNING" enabled_by_default="true">
    <option name="ignoredPackages">
      <value>
        <list size="67">
          <item index="0" class="java.lang.String" itemvalue="cvcommons" />
          <item index="1" class="java.lang.String" itemvalue="sz_transcoder" />
          <item index="2" class="java.lang.String" itemvalue="roxolana_client" />
          <item index="3" class="java.lang.String" itemvalue="edge-common" />
          <item index="4" class="java.lang.String" itemvalue="numpy" />
          <item index="5" class="java.lang.String" itemvalue="atomicwrites" />
          <item index="6" class="java.lang.String" itemvalue="more-itertools" />
          <item index="7" class="java.lang.String" itemvalue="pluggy" />
          <item index="8" class="java.lang.String" itemvalue="py" />
          <item index="9" class="java.lang.String" itemvalue="Click" />
          <item index="10" class="java.lang.String" itemvalue="MarkupSafe" />
          <item index="11" class="java.lang.String" itemvalue="requests" />
          <item index="12" class="java.lang.String" itemvalue="Jinja2" />
          <item index="13" class="java.lang.String" itemvalue="opencv-python-headless" />
          <item index="14" class="java.lang.String" itemvalue="importlib-metadata" />
          <item index="15" class="java.lang.String" itemvalue="certifi" />
          <item index="16" class="java.lang.String" itemvalue="flask-cors" />
          <item index="17" class="java.lang.String" itemvalue="urllib3" />
          <item index="18" class="java.lang.String" itemvalue="itsdangerous" />
          <item index="19" class="java.lang.String" itemvalue="Flask" />
          <item index="20" class="java.lang.String" itemvalue="coverage" />
          <item index="21" class="java.lang.String" itemvalue="six" />
          <item index="22" class="java.lang.String" itemvalue="tornado" />
          <item index="23" class="java.lang.String" itemvalue="Werkzeug" />
          <item index="24" class="java.lang.String" itemvalue="pytest" />
          <item index="25" class="java.lang.String" itemvalue="Flask-API" />
          <item index="26" class="java.lang.String" itemvalue="pytest-flask" />
          <item index="27" class="java.lang.String" itemvalue="attrs" />
          <item index="28" class="java.lang.String" itemvalue="chardet" />
          <item index="29" class="java.lang.String" itemvalue="roxolana-client" />
          <item index="30" class="java.lang.String" itemvalue="idna" />
          <item index="31" class="java.lang.String" itemvalue="indexedproperty" />
          <item index="32" class="java.lang.String" itemvalue="decorator" />
          <item index="33" class="java.lang.String" itemvalue="jupyter-core" />
          <item index="34" class="java.lang.String" itemvalue="motion_zones" />
          <item index="35" class="java.lang.String" itemvalue="html5lib" />
          <item index="36" class="java.lang.String" itemvalue="async-timeout" />
          <item index="37" class="java.lang.String" itemvalue="joblib" />
          <item index="38" class="java.lang.String" itemvalue="scikit-learn" />
          <item index="39" class="java.lang.String" itemvalue="jq" />
          <item index="40" class="java.lang.String" itemvalue="awscli" />
          <item index="41" class="java.lang.String" itemvalue="torchvision" />
          <item index="42" class="java.lang.String" itemvalue="jupyter" />
          <item index="43" class="java.lang.String" itemvalue="tensorboardx" />
          <item index="44" class="java.lang.String" itemvalue="aiobotocore" />
          <item index="45" class="java.lang.String" itemvalue="keras" />
          <item index="46" class="java.lang.String" itemvalue="jsonschema" />
          <item index="47" class="java.lang.String" itemvalue="notebook" />
          <item index="48" class="java.lang.String" itemvalue="tensorflow-gpu" />
          <item index="49" class="java.lang.String" itemvalue="scipy" />
          <item index="50" class="java.lang.String" itemvalue="tfrecord-utils" />
          <item index="51" class="java.lang.String" itemvalue="opencv-python" />
          <item index="52" class="java.lang.String" itemvalue="Shapely" />
          <item index="53" class="java.lang.String" itemvalue="plotly" />
          <item index="54" class="java.lang.String" itemvalue="torch" />
          <item index="55" class="java.lang.String" itemvalue="jupyter-client" />
          <item index="56" class="java.lang.String" itemvalue="click" />
          <item index="57" class="java.lang.String" itemvalue="psutil" />
          <item index="58" class="java.lang.String" itemvalue="pandas" />
          <item index="59" class="java.lang.String" itemvalue="tqdm" />
          <item index="60" class="java.lang.String" itemvalue="imageio" />
          <item index="61" class="java.lang.String" itemvalue="jupyter-console" />
          <item index="62" class="java.lang.String" itemvalue="matplotlib" />
          <item index="63" class="java.lang.String" itemvalue="aiohttp" />
          <item index="64" class="java.lang.String" itemvalue="object_classifier" />
          <item index="65" class="java.lang.String" itemvalue="Pillow" />
          <item index="66" class="java.lang.String" itemvalue="ujson" />
        </list>
      </value>
    </option>
  </inspection_tool>
  <inspection_tool class="TsLint" enabled="true" level="WARNING" enabled_by_default="true" />
</profile>